,ENSG00000123096,ENSG00000131095,ENSG00000048649,ENSG00000078549,ENSG00000206172,ENSG00000244734,ENSG00000121966,ENSG00000155980,ENSG00000127914,ENSG00000170275,ENSG00000188536,ENSG00000038427,ENSG00000078114,ENSG00000104324,ENSG00000157833,ENSG00000146005,ENSG00000225465,ENSG00000117592,ENSG00000168280,ENSG00000120063,ENSG00000124749,ENSG00000152661,ENSG00000089169,ENSG00000111328,ENSG00000141279,ENSG00000152990,ENSG00000092820,ENSG00000152518,ENSG00000104361,ENSG00000147027,ENSG00000196739,ENSG00000087263,ENSG00000185650,ENSG00000119729,ENSG00000108932,ENSG00000107562,ENSG00000124942
BM_36_428,3.948835561,12.20165305,7.694512173,7.693013604,1.294543588,7.061592969,2.436192612,10.62338674,8.642995285,5.724081821,1.882003165,8.031171037,9.018427292,4.691827047,4.331438437,6.502084942,6.611036264,6.922972677,10.1880053,6.82584854,4.283016031,8.946499166,7.127878595,4.865700503,7.264536097,5.98220353,6.678510564,4.155605663,6.553132964,6.916859318,2.34915098,5.359138384,5.2430506,5.860092365,2.707318249,2.070430412,9.825098303
BM_36_517,3.338934364,13.12171364,7.535406594,8.103868542,1.361202767,6.134103638,2.281263424,10.53466384,8.45114603,5.793695077,3.180242006,8.072866733,9.023865517,4.86622896,4.849192269,6.781395508,6.091210162,6.689722264,10.14684886,6.983916812,4.224128167,9.001148507,6.96102384,5.479613575,7.361498535,6.243299911,6.759211371,4.8914778,5.876853418,6.729004138,4.266694561,5.272083866,6.228758604,5.929707511,2.143770801,2.347350394,9.721725866
BM_36_344,3.419767983,12.45764447,7.846563821,7.827679829,0.262618616,7.209052162,3.214904956,10.40618625,8.828583329,5.176440885,2.204110477,7.745607118,8.687269271,4.634492811,4.115895841,6.386311763,6.551949502,6.562976081,10.31327654,6.762734495,4.667133482,8.717380742,6.170471897,4.959570831,7.66474979,5.841180878,6.60227678,4.326149298,5.632062808,7.133618203,2.977741022,5.05928925,5.69834894,5.712600337,2.642388555,2.317772429,9.08903568
BM_36_308,3.527928166,12.00940134,7.521135197,7.50480119,1.503679169,7.398894773,1.086019264,10.84717285,8.45251784,5.500430773,3.275851751,7.819378373,8.845664879,4.454395107,4.558347135,6.434661135,6.13886294,6.388009211,10.26621006,6.555210774,4.335090378,8.209131935,7.356616217,4.575040754,7.398240738,5.885919246,6.617979664,4.192474453,6.84961891,6.088772236,3.461000921,5.407936278,5.544826965,5.743677918,3.000355715,1.668436657,9.365000271
BM_36_429,3.666410091,11.74836248,7.414628496,7.492259341,1.355585462,7.795479774,1.683389613,11.00226601,8.455680246,5.809142658,2.868085067,8.275794173,8.524998972,4.879574672,4.713589424,6.775470631,6.107621545,6.704815224,10.11816545,6.99333475,3.857652611,8.426562736,7.406877365,4.940761051,7.065610417,5.939869384,6.752351084,4.70209729,5.802580582,6.688726833,3.210233993,5.304883656,5.384814208,5.756096724,2.329187126,2.562846432,9.410129059
hB_RNA_10502,3.513432338,12.62396788,7.53601165,7.682159381,0.234298142,6.327034749,1.233546739,10.95744412,8.458806634,5.60886857,1.403211811,8.200380564,8.871628942,4.462159842,4.439087137,6.873882195,6.133427388,6.676884763,10.14722932,6.804075993,4.404942367,8.646944116,7.703593291,4.543482396,7.223201816,6.517499175,6.726565262,4.261442665,5.753937082,6.652714094,3.688166451,5.319103331,5.352116172,5.913607631,1.856156501,2.615568131,9.339333428
hB_RNA_10617,4.099916776,13.28789201,7.366894988,7.947945486,-0.545247754,4.297789683,3.424145567,10.34130547,8.45911762,5.970341489,0.863985044,8.356867134,9.057078627,4.98422004,5.364361637,7.040115139,5.678316048,6.854029817,9.864826702,6.936289071,5.162218581,9.368110049,5.743413151,5.323373198,7.314095601,6.218180206,6.938982105,5.336692612,5.329131182,6.920187507,4.692792979,5.267275013,6.759991365,6.041551281,0.995842462,1.868303828,10.51698713
BM_36_516,3.417763878,11.73808115,7.456678301,7.696565484,2.122066293,8.00407481,1.555147203,10.75912184,8.283761473,5.404281637,3.947271378,7.859482593,8.62966156,4.208592768,3.910050834,6.127853943,6.434222286,7.007637953,10.0437158,6.686543251,4.504831961,9.033900811,7.323786079,4.585210606,7.081262177,5.841698149,6.589398453,4.087806979,5.740418319,6.804899163,3.573816975,5.33389699,5.180996011,5.445519856,3.192623246,2.902512619,9.729629291
BM_36_1107,3.447258466,12.42424953,7.331707443,8.042366183,0.451099828,5.452444972,3.796384229,10.85815688,8.308278122,5.90253811,1.806907914,8.044038252,8.719863108,4.916362643,5.358668959,6.651904916,5.941383789,6.464134213,10.11846369,6.906221201,4.239136639,8.702793306,6.126815475,5.265694961,7.184109736,5.967868236,7.23932887,4.647597038,5.471902465,6.776772873,4.167057245,5.447144003,6.246761004,6.134341544,1.515548101,2.69064029,10.17227289
BM_36_518,3.249347463,11.79511955,7.66799786,7.765269626,1.516934276,6.8711875,1.698710848,10.70531091,8.574960269,5.553214784,3.205209514,7.908512205,8.763217179,4.796019877,4.045137374,6.402273233,6.225354939,6.665725293,10.33333712,6.478820488,3.971696988,8.930057499,7.374521542,4.714944838,7.533735172,5.636612673,6.320659644,3.537937974,5.766921835,6.529979229,3.194811421,5.429192638,4.65661486,5.642944569,2.035956973,2.845091148,9.37650086
BM_36_525,3.526561964,11.61823975,7.502550572,7.668110464,1.843813323,7.740551915,2.849713358,10.85467571,8.494982182,5.643684525,3.600954826,7.506623709,8.884932869,4.438047064,5.374431169,6.87370404,6.381043451,6.570452789,10.1670928,6.463240225,4.112236222,8.719357092,7.34897413,4.976490275,7.387738966,5.788421649,7.183219003,4.13392766,6.186226924,6.550165126,3.907939478,5.382642765,5.429523283,5.777833322,2.00471533,2.508663935,9.790292115
BM_36_545,3.795748409,12.34251159,7.397600974,7.733279659,2.490350834,7.678976805,1.73903382,10.30086387,8.341876728,5.597477186,4.043162585,7.875749511,8.924640663,4.771834309,4.353209574,6.203577656,6.006511523,6.736383175,9.920872782,6.825612212,4.627923743,9.174614804,6.473456309,4.717071869,7.048563514,5.778292806,6.390913059,4.601848356,5.401433023,6.932958609,3.352937978,5.376332928,6.015761372,5.719901612,2.121879343,2.949323839,9.667291363
BM_36_430,4.120984185,12.46309329,7.533791901,7.662867623,1.595543089,9.374980525,2.584854536,10.39195572,8.495585611,5.736875802,3.952541097,8.155990901,8.911045289,4.541341667,4.127442911,6.431938601,6.39294901,7.102869854,10.09838013,6.899034107,4.465071904,8.96002624,6.378903216,5.116698788,7.147427479,5.877881499,6.735104689,4.359903093,5.878472317,6.994537546,2.858422608,5.271124292,5.522204506,5.706558113,3.125944317,2.515061048,9.663692779
BM_36_412,3.986048876,12.42223552,7.485535798,7.626219073,-0.391081113,6.453632181,1.27700695,9.851079232,8.663521757,5.630149155,1.568632638,8.265165421,8.586600414,5.226721642,3.571404615,5.719218528,6.561055892,6.757129163,9.616352852,7.012124275,4.403617937,7.848704225,6.234763915,4.620406747,7.161984938,6.141576689,6.897698103,5.013392544,5.55855478,6.598598579,2.431908571,5.80811514,6.205736206,6.22752279,2.351929242,2.482393611,9.065130429
BM_36_416,3.789547883,11.33437552,7.724616788,7.704097329,2.428194841,8.489560449,2.328176382,10.67364114,8.593010119,5.555764547,4.616194762,7.736522575,9.112836835,4.913645406,4.614648675,6.395548885,6.645475447,6.823216287,10.14591802,6.958496432,3.963141216,8.105395496,7.583791971,5.042360761,7.516146431,6.232715497,6.911350469,4.05795578,6.237278669,6.822780936,3.138787997,5.37109524,5.270588558,5.948084841,3.139536064,2.983597345,9.048001905
BM_36_398,3.853207723,12.28911155,7.58747692,7.834572899,0.635244974,7.289929459,2.630758598,10.2108776,8.427697714,5.730981402,2.584263546,7.788024739,8.747149929,4.547186927,3.79486596,5.966016854,6.385597049,6.788827842,10.0841066,6.727883256,4.600923458,8.673601186,6.348383002,4.698399453,7.375887377,5.661808026,6.371921978,5.225162536,5.390566948,6.848122672,2.892896993,5.343395474,6.031109641,5.925279844,2.465365946,2.654588136,9.755590914
BM_36_411,3.526237301,12.04168689,7.58477403,7.461654557,2.219808114,8.003366553,1.734005907,11.03959318,8.309196034,5.489927379,4.471881232,7.325490804,8.757377514,4.319233567,4.084623619,6.224037798,6.742791532,6.555027168,10.43041408,6.589918827,3.853195169,8.965341932,8.039191243,4.960523156,7.411214229,5.474555715,6.136063133,4.501348214,6.849356818,6.498688081,3.578301484,5.055613775,5.777471018,5.584045031,2.681616811,2.231166445,9.371803388
BM_36_413,3.704746056,11.90106955,7.683048602,7.763911506,0.533067833,7.279837749,1.340032489,10.05944693,8.648986623,5.409811808,0.791846325,7.556584147,9.067056228,4.536204904,3.48310252,5.918496505,6.989024814,6.720757802,9.92569966,6.849528319,4.404931309,8.144031692,6.689032212,4.434310777,7.470155852,5.774322759,6.774764104,4.261302856,6.232360904,7.013208016,2.565856613,5.537392164,5.114983313,5.66969416,2.771206577,3.294820252,8.878830039
hB_RNA_10552,3.859528922,13.14411392,7.295890687,7.763672284,0.55075581,6.03739819,1.753579159,10.51184197,8.35332054,5.64799586,2.248405446,8.427724193,8.780476213,4.5639031,4.330768617,6.615099038,5.957037322,6.752963436,10.06527065,6.881316822,4.454691916,8.953523141,5.991113305,5.102137795,7.072657542,6.168964285,6.720212091,4.663959912,5.188340448,6.924828986,3.436989074,5.059160312,5.924646724,5.705738365,2.34107789,2.123611688,9.698935869
BM_36_403,3.517281284,12.2131912,7.541451175,7.795093182,1.202210413,7.101323015,3.395094167,10.93886942,8.297836856,5.401055823,2.820075486,7.444333269,8.712113926,4.259074784,4.839368607,6.652158183,6.805927455,6.592725189,10.30942818,6.660930832,4.230427008,8.614010971,6.54203668,4.956613973,7.367823583,5.72707358,6.85649258,4.710886512,5.525050403,7.109972908,3.636173475,5.389541293,5.696912891,5.683778506,2.622742386,3.502321331,9.538256948
hB_RNA_10372,2.783055075,11.72375209,7.103861561,7.937924174,2.612338693,8.145036141,1.979274816,10.89498183,8.085476655,5.34344087,-4.198797445,7.78891167,8.322939094,4.312318,4.146837749,6.699231204,6.173483706,6.972095533,9.731296389,6.386734854,3.97070357,8.028327985,6.75492284,4.727933102,6.761558663,4.632458671,6.675038924,4.398883117,5.694869615,6.175228948,4.013649658,5.521292465,6.39484386,5.499023544,3.310898364,2.048025983,9.540803113
BM_36_414,3.458220836,12.10134226,7.618770524,7.773410848,1.201564525,6.89990699,2.388596312,10.98784344,8.523021633,5.574623709,2.541097747,7.80268924,8.807925432,4.685209945,4.294500063,6.388976398,6.2826035,6.668253194,10.13667109,6.886254901,4.395294465,8.42043425,7.164599347,4.680988099,7.305544548,5.997423013,6.743118649,4.517559053,5.952710886,6.77317927,3.337716568,5.432360663,5.546496464,5.925739286,2.690823029,2.860263682,9.49670479
BM_36_389,4.804194457,14.50987911,7.528924843,8.712445144,0.44626834,6.474909278,4.480417675,10.28320331,8.472094259,6.561844697,2.230834144,9.309908941,9.293495863,5.978920055,5.532544143,7.491912815,4.369344008,7.594328006,9.772348815,7.351147343,5.208527494,9.795766254,4.257174504,6.117576834,7.191820832,6.511880007,7.289524731,5.850037369,3.592957732,7.194115119,4.709741718,5.897936836,7.304186099,6.291332935,1.450437873,3.327031036,11.14020141
hB_RNA_10583,4.212354002,12.73871991,7.373041246,7.954397863,0.679010904,6.446392609,1.844914223,10.52414193,8.311328213,5.894786425,2.107519062,8.134048955,8.81681616,4.438104916,4.710163801,6.56636302,5.949955,6.975514617,10.03836705,6.857755996,4.361988856,8.849955249,6.608243202,4.673772671,6.956092764,6.289029434,6.728762016,4.798934779,4.983950239,6.879845273,3.327430231,5.050751876,5.630521485,5.755276497,2.170149711,3.049930232,9.876863543
BM_36_361,4.735575835,13.71426313,7.423292902,8.486188323,1.756079524,6.947671196,2.820416108,10.56973201,8.289225364,5.96977013,2.689912752,8.543480025,9.051259108,4.850772846,5.222109471,7.383532668,6.030825602,7.471910083,9.899419813,7.211862956,5.13357509,9.317634114,6.037239219,5.507748033,7.06039487,6.417180481,7.373831126,4.999998056,5.250196923,7.325482608,3.976322659,5.249777414,6.462170886,5.971124118,2.356796795,3.588394666,10.64246334
BM_36_415,3.750334113,12.80210134,7.564993261,8.116813606,2.407708333,8.611520103,2.217152823,11.08421009,8.695541232,5.746878187,2.533794351,8.362364863,8.874298603,5.212865628,5.362441723,6.97121458,6.245578654,6.536167544,10.20417607,6.914944666,4.320698889,8.870857528,7.155103224,4.949354822,6.964274898,6.264410104,7.041902688,5.123006981,5.158789636,7.189303804,3.52153152,5.197352883,6.038840817,6.035162172,2.403408623,4.2611229,9.453209905
BM_36_397,3.664770708,11.32739838,7.92979498,7.339808156,0.940948872,7.079414669,2.311767405,10.71282904,8.740336113,5.648550438,2.416603606,7.392680116,8.812734901,4.360839229,4.328138052,6.548871518,6.909187675,6.52741918,10.52018027,6.699258588,3.776557074,8.290736975,7.188848446,4.558059106,7.608511395,5.916711587,6.727176545,4.697658621,5.839023413,6.907743568,2.82686848,5.281289209,5.693384832,5.965966033,2.993610104,3.222985526,8.697655682
BM_36_399,3.709804936,12.68038348,7.415883931,7.835651956,-0.999662262,4.941309915,1.092175441,11.00383956,8.145794015,5.657536976,1.876626635,7.562852886,8.585905332,4.103072991,4.509722142,6.924401048,6.729608794,6.577576747,10.09218868,6.448103959,3.638263537,8.424093342,7.591874215,4.661232794,7.174873702,5.852271075,6.288184929,4.376259094,6.382759677,6.491835319,2.966259543,5.16787989,5.545106195,5.527929243,3.124116175,2.140679657,9.586629422
BM_36_531,3.720159172,11.83476398,7.53991473,7.7831527,-0.467059423,5.069174222,1.979694409,10.52972468,8.397898712,5.462280772,1.728153093,7.389254152,8.70583691,4.524904113,4.383576842,6.596686553,6.35525555,6.593874186,10.25034937,6.485173391,4.456754489,8.749754263,7.456470975,4.712026179,7.305205329,5.931226844,6.718709574,3.953653078,5.904,6.831901344,2.829357436,5.324952611,5.218919668,5.588132631,2.620875064,2.961877615,9.351496847
hB_RNA_10822,3.432235778,11.24192879,7.559774071,7.503285204,0.508734082,6.460255856,2.257664205,10.95705866,8.428803049,5.463583116,2.948022384,7.459361949,8.682205169,4.132912833,5.097026687,7.011287139,6.701760984,6.479845816,10.36348575,6.484943067,3.942347633,8.329488047,7.808028351,4.779087687,7.262814075,5.877150877,6.630146535,4.509553057,6.137050263,6.847640377,3.480585248,5.156307532,4.776590309,5.633095913,2.856523776,3.64431438,9.076264496
BM_36_395,4.283757678,12.77340128,7.588078321,8.054179231,0.93212311,7.216191545,2.678293621,10.4600654,8.503000854,5.479622619,3.565751177,8.194207747,8.849385679,4.760540241,4.226812222,6.515114586,6.325451383,6.936094775,10.10348459,6.852505564,4.511166676,9.000405275,6.826912762,4.832770979,7.312260312,6.341607415,6.738158878,4.480132708,5.518804617,6.989032939,2.633425364,5.37473097,5.566549861,5.866129613,2.780389955,3.086438692,10.09974809
hB_RNA_10482,3.652077641,12.70334272,7.561980081,8.251271648,0.215256392,5.905757103,2.158655811,10.77882637,8.343043025,5.922700814,1.812270557,8.438807376,9.060365797,5.219216329,5.799048828,7.435858079,5.876550539,6.989392074,9.952554396,6.821029823,4.847920861,8.836155859,6.167483587,5.183378645,7.353899834,6.558609491,7.417739137,4.801525814,5.121581655,6.727400849,4.732706211,5.208062959,6.026482172,6.242504403,0.944669022,2.983462276,10.22163722
hB_RNA_10622,3.576969366,12.06716252,7.500746131,7.877199295,1.160795124,7.74599967,1.74284022,10.73211086,8.339176179,5.82317897,3.644609642,7.004152489,8.733002414,4.688557844,5.356360262,7.039359289,6.267091381,6.389382338,10.16933281,6.698791705,4.518611504,8.829062226,6.050370625,4.826561107,7.254406723,6.028482662,6.520780927,4.597833869,5.547443663,6.983410005,4.101677647,5.195697039,5.557548063,5.577876475,1.991343622,3.167174247,9.690359472
BM_36_464,3.484612952,11.80229838,7.372704601,7.818510942,2.924929493,8.405068405,1.582561298,11.38049922,8.224296081,5.867082781,5.144562901,7.734822387,8.458748131,4.443791872,5.176159587,7.185429217,5.904143625,6.661363122,10.19397282,6.553997391,3.801443572,8.45772088,7.605006596,4.874526449,6.98465725,5.825396387,6.778512611,4.55290271,5.665644266,6.504678454,4.264645838,5.276991796,5.532704404,5.298045436,2.696576494,3.419646653,9.900089796
hB_RNA_11042,3.806578499,13.15173662,7.392026537,7.880395237,1.037726053,7.361264789,1.708721518,10.56655159,8.477286436,5.912623446,2.38777193,8.80552074,8.823245907,4.855785466,4.406572258,6.296798594,5.979672919,6.669493609,10.19464041,6.861050397,4.490999823,9.024024402,7.058607581,4.821865116,6.833275909,5.595277207,6.851255641,3.956244512,5.380368081,6.697732489,3.78574978,5.175569897,5.063632837,5.475022451,2.304319136,1.380773985,9.761575117
BM_36_400,3.39719476,11.68383621,7.572515313,7.463236938,1.297652025,7.533540759,2.234571326,10.66538449,8.347543098,5.521406388,2.355581944,7.308715012,8.664348797,4.495099021,4.72250822,6.596086469,6.619412429,6.832219328,10.27060264,6.642987923,3.955710555,8.379596863,7.285589788,4.90183059,7.323421588,5.53097249,6.754395058,4.099410956,6.025175793,6.526556319,2.957058843,5.510875178,4.968040268,5.544920552,2.866710383,2.680132531,9.096623618
BM_36_405,3.77896984,13.01071183,7.29853048,7.579812026,0.279190872,5.590941513,3.309267542,10.66242179,8.030811139,5.951465096,2.10074455,7.863996648,8.453314027,4.756151629,5.355959813,7.14768781,5.838179563,6.610126029,10.9483177,6.824134112,3.8534877,8.674721691,7.045320237,5.573415892,7.220451938,5.819042028,6.751141264,5.272701918,6.247470023,6.540058001,3.927540829,5.094717013,6.099356245,5.859738294,2.6788452,2.537811513,9.817224248
BM_36_458,3.664368397,12.68199324,7.339069843,7.727167999,0.818287289,6.485946053,1.572867994,10.73330168,8.242790207,5.500313137,2.412725419,7.300643036,8.641903838,4.528789754,4.462300504,6.631402688,6.299093992,6.805185828,10.14683832,6.547504096,4.18013914,9.067833114,7.12801293,4.666278685,7.309283049,5.640353097,6.483584779,4.152646823,5.983875027,6.681055871,3.536458659,5.164336309,5.479052677,5.561753103,2.56008235,2.344303615,9.465013481
BM_36_448,3.505608663,11.28887408,7.540199873,7.669242676,0.949813141,6.492823812,1.744100371,10.5914493,8.510933706,5.641622649,2.702785014,7.486888564,8.670441369,4.461064625,4.408174855,6.646245865,6.498475275,6.656111371,10.25822093,6.55477787,4.404275182,8.509288479,7.079531753,4.664452517,7.187263415,6.109172541,6.627764811,3.915720603,5.900376896,7.148388911,2.993767632,5.35550764,5.160352219,5.387932794,3.189835744,3.379348987,8.950763692
BM_36_520,3.345631036,11.89933096,7.601771997,7.222512785,0.154044415,6.010208857,1.856490903,10.35518355,8.525606715,5.628829987,2.820084253,7.854129401,8.802801376,4.782305619,4.954976768,6.75745398,6.594143083,6.77745883,10.29544551,6.588995154,3.96001638,7.989305438,6.972270892,5.34785301,7.200410906,5.733371472,6.35479785,4.826600851,6.568225666,6.513949178,2.291646306,5.552150698,5.303294279,6.125275798,3.139048856,1.745334041,8.685645733
BM_36_449,3.539558629,11.20157317,7.557157891,7.963743506,1.927844733,8.191500323,1.668474137,10.58037078,8.403502181,5.477260429,3.323709983,7.62334378,8.720121692,4.406831374,4.282588548,6.47997518,6.644556767,6.818587334,9.989049684,6.370601806,4.141045169,8.60658315,6.952864572,4.50033689,7.105212303,5.901276242,6.683756164,4.308249703,5.844078126,6.833970931,3.344531715,5.227872692,5.158153858,5.54104276,2.801729422,3.207805349,9.594773109
hB_RNA_11132,3.813719205,11.54257304,7.55361293,8.00153456,0.081916348,5.275650357,1.65175485,10.82091072,8.594286478,5.420342404,2.429142908,7.977112735,8.888410878,4.664805619,5.278538321,6.46115921,6.17512859,6.479147431,10.03652523,6.483203157,4.545579272,9.460181531,6.072738983,4.940901025,7.232561734,5.987381244,6.55084626,4.563389225,5.898895974,6.705904085,4.425087399,5.154271465,5.82645743,5.733016853,0.936779367,2.44228522,10.22819783
hB_RNA_10512,3.9148051,13.33536768,7.579785461,8.141297725,1.522136879,7.429122381,3.468765205,10.26882746,8.47089365,5.962878661,4.222398918,8.781279231,9.113038353,5.418994429,5.413490257,7.300254144,5.82676505,6.853522286,9.782724223,6.83404563,5.168728296,9.160877001,6.487174559,5.205469697,7.326045688,6.696454179,7.141377355,5.562180462,5.373563,6.447287523,4.739397943,5.375102076,6.214103284,6.255926546,1.388457004,2.264135272,10.51585516
BM_36_352,3.773890837,12.44313689,7.509958137,7.729442382,-1.407232273,2.328741029,3.932222912,10.59594855,8.489211155,5.58816168,-0.788272027,7.938487916,8.872968684,4.690453716,4.667628932,6.335810507,6.439879704,6.578857412,10.18799962,6.931513304,4.45717634,8.724817547,6.375459438,5.054331702,7.401778327,5.478907048,6.71824454,4.644276209,5.830466101,6.710808718,3.254244308,5.509136549,5.617935599,5.876507263,2.42351473,2.79588985,9.913971467
BM_36_450,3.557693418,11.68725387,7.55323882,7.698547632,0.727268004,6.197671057,2.362530213,10.39160491,8.283042843,5.471970076,2.201365409,7.441571821,8.815236289,4.611168622,4.426732587,6.380469095,6.764511363,6.781458867,10.25385325,6.69509435,4.249574822,8.843002414,6.992763314,4.912592243,7.242834143,5.877851469,6.741695592,4.469336652,6.089700206,7.151906059,3.025472414,5.301903458,5.576025411,5.691774464,3.140101184,3.093933254,9.148949705
hB_RNA_11023,3.257468059,10.96538128,7.080421489,7.863111357,1.640106877,7.940768003,5.290950279,10.69595564,8.133624784,5.259243885,2.896905091,7.351036653,8.792194521,4.609088712,3.725817972,6.265259784,5.783503657,7.548933815,9.959014685,7.844006224,4.301352852,8.22146408,6.614499047,4.977545118,6.928806279,4.986855668,7.380168474,4.752085369,5.925961018,6.852746856,3.271773084,5.799529534,6.385021855,6.010676475,4.695588112,0.995536377,9.555490052
BM_36_362,3.619674162,12.47260721,7.396838357,7.792689562,-0.693221168,4.362551959,1.726929749,10.98038001,8.274466196,5.579617278,0.419073362,7.92198541,8.627162005,4.693874142,4.581146111,7.026222148,6.690531084,6.569369496,10.33902753,6.690978473,3.802210386,8.086595897,7.467213989,5.495072552,7.411989339,5.876554538,6.508329541,4.453491969,5.749491046,6.498702749,2.713177418,5.466240894,5.760730166,5.60998911,2.839514182,3.392871846,9.506479095
hB_RNA_10702,4.266528694,13.50281231,7.378803191,8.268110188,3.492590816,9.627834943,1.871447109,10.96150516,8.336830158,5.869110503,4.19448108,8.44840078,8.996295858,4.89387366,4.712963527,7.240008281,5.425411372,7.11099638,10.19654177,7.107144982,4.492980212,9.380173209,6.450966929,5.053164707,6.897078274,6.341721271,7.000936995,4.911516551,5.545230409,7.300797291,3.755920822,5.135125247,6.128297908,5.965314285,2.604447322,2.605329067,10.24756694
hB_RNA_10882,3.974038166,12.1495537,7.407233344,8.071589544,-0.174659652,5.181716833,1.562938936,10.96860193,8.412758229,5.52361263,1.30322579,8.42291776,8.881056192,4.85538556,3.923049428,5.93127499,5.648969659,7.015215601,10.1417918,6.815673096,4.663430154,9.085577037,6.273702835,4.590250905,6.70249733,5.791079567,6.818830361,4.824381396,5.449808464,6.819271391,3.400307456,5.204382973,5.66284897,5.738185245,3.076205042,3.245664103,10.37736047
BM_36_486,3.396172024,12.24744522,7.555066245,7.622338358,2.174038197,7.620475779,2.321233902,10.70244866,8.401407968,5.677930154,2.586069847,7.472490123,8.626601832,4.537457283,5.023087705,6.976861651,6.604393127,6.525814245,10.32007473,6.352070277,4.044534466,8.313731554,7.694478465,4.866404547,7.19250085,5.732708312,6.665511564,4.220531266,5.941869901,6.683980734,3.422210676,5.277645085,5.01197191,5.559626834,2.849414688,3.435476808,8.956384377
BM_36_406,3.114912844,12.79924333,7.312399409,7.856426607,0.485565085,6.333444626,1.346338207,10.71925145,8.023605201,5.738425475,2.664767438,7.34974782,8.576267172,4.094497002,4.557038952,6.992807254,6.668505613,6.468571385,10.15515697,6.338273647,4.134047663,8.017335509,6.992837104,4.712689552,7.187466663,5.859163721,6.319109612,4.471049166,6.024169338,6.592567272,3.625426053,5.122131644,5.755589427,5.671501236,2.318536798,2.683218932,9.469501508
BM_36_322,3.518528518,12.78753383,7.28744276,7.517427744,0.996721734,5.911061171,3.484333094,10.78451129,8.132707742,5.339841525,2.052732382,7.464785836,8.338326563,4.397006513,3.430788788,6.15203493,6.67260805,6.775780159,9.978976343,6.448229554,4.047844039,7.932833612,6.767327189,4.478556948,7.049038437,5.511212099,6.340062811,4.452496191,6.101528166,5.938719314,3.231501841,5.342781065,5.504443634,5.607487108,2.799713548,2.341965141,9.160329828
BM_36_487,3.561821081,12.87224973,7.308336417,7.698787634,1.750587,7.454274857,1.38803197,10.99126069,8.283818642,5.675487902,2.625014174,8.152887578,8.765571089,4.619515649,4.527213189,6.334632191,6.018749566,6.648972918,10.11085967,6.768007862,4.743228608,9.30233773,6.26551608,4.750023077,7.061214726,5.721799951,6.578371296,4.846816858,5.297276826,6.596171769,3.702787115,5.324628652,6.227843161,5.36464478,2.127148818,2.62221729,9.911530534
BM_36_284,3.459930148,12.101929,7.524217881,7.776643439,-0.881566079,5.958308235,2.309734884,10.63378335,8.819031841,5.736530422,1.623460101,8.254781542,8.812085149,4.741163106,4.00155762,6.190352887,6.389773403,6.720687151,10.11864062,7.079279696,4.416907652,7.897132636,5.97968161,4.782340671,7.379696223,5.680775384,6.522061234,5.154072232,6.082743561,6.761157002,3.234924654,5.486417107,5.813120011,6.067751147,2.863219309,1.980567588,9.693801689
hB_RNA_12222,4.046405208,11.63533222,7.578971647,8.093878467,-0.424704897,4.873895378,1.208246389,11.07560175,8.562483648,5.688617527,1.108344619,8.204787022,9.252847395,4.929103122,5.111355422,6.801487766,5.590337046,7.098066157,10.05824176,7.084978775,4.766524812,9.297066117,6.301597185,5.034577419,7.263715476,6.624633536,7.084150892,4.639602978,5.729018566,7.251065543,3.805846911,5.204040461,5.948924292,5.997182363,1.435248166,3.298590199,10.1913113
BM_36_324,3.828161557,13.62300167,7.61514657,9.218532524,1.057919548,6.405510908,1.52183651,10.5149911,8.291515615,7.009233587,2.214486005,8.053751394,9.014335131,5.181762062,6.210426391,7.750266832,5.318393604,7.04061104,9.977490263,7.172695461,3.870740038,9.076993467,4.20461662,5.534798581,7.112698358,6.815198794,7.506281791,5.837964931,3.302890534,7.017166471,4.003830484,5.594373524,6.79256868,6.244342761,3.57663397,4.220916183,10.92687086
BM_36_325,3.795536959,11.87154059,7.637903247,7.874793762,0.26576141,5.804850638,3.209951904,11.31334419,8.408807247,5.678568806,2.011891004,8.415982599,9.003771764,4.960035871,4.889793787,6.469026698,6.288279152,6.983019197,10.39276265,7.270715881,3.646441894,9.278499843,7.106269235,5.038138923,7.248868182,6.117716384,7.077664603,5.010818265,5.426292788,7.059167862,3.608481306,5.710019924,5.839985761,5.935802944,1.637095424,3.382954258,9.94880879
BM_36_407,3.508414952,11.24382469,7.480515208,7.975616506,3.287165598,8.634439438,2.023162082,10.96371364,8.227944276,5.503348687,4.62677699,7.869041482,8.735815708,4.134173757,4.641770273,6.576062196,6.906018796,6.729557823,10.42841239,6.335253075,4.349229495,9.171917736,7.610092197,4.804025268,7.282964793,5.841351655,6.643929647,4.681600077,6.450091155,6.667521899,3.397309083,5.251230911,6.03711924,5.562609705,3.105444527,2.617872553,10.01743633
BM_36_480,3.730495629,11.56391439,7.680688755,7.707971382,1.110112791,6.955966842,1.237514555,10.60517569,8.659757358,5.534001704,2.835709177,7.723473506,8.934352312,4.655248982,4.495942243,6.663096503,6.333571606,6.754649716,10.14975998,6.613782652,4.183007009,8.574136591,7.375506782,5.006997249,7.395808437,5.881976903,6.525905658,4.249147969,6.205327345,6.905068249,2.87813348,5.349167405,5.03158238,5.74444818,3.15353692,3.43790551,9.315254366
BM_36_528,3.354074964,10.85870478,7.642820098,7.582470492,0.045236388,5.732894493,1.975636787,10.79794478,8.476605188,5.402899442,1.9047241,7.586942586,8.677629073,4.249372253,4.26655661,6.501291378,7.11317816,6.456709025,10.50524981,6.379783989,4.098433977,8.201211418,7.803459246,4.807724796,7.405277592,5.711942667,6.473977315,4.204422162,6.439755759,6.537757767,2.627209004,5.254978323,5.194134399,5.519862473,2.612161353,2.540691191,8.876129967
BM_36_351,3.423469097,11.35201331,7.525958864,7.403017866,1.009911944,7.081775129,2.40740063,10.43031688,8.335480689,5.242132083,2.091730015,7.505971137,8.778758043,4.122272447,4.381137898,6.10634998,6.992934955,6.469398628,10.34807366,6.480660352,4.046387498,8.246753707,7.83624171,4.282063789,7.227413396,5.986512085,6.830569305,3.757829902,6.213049833,6.35499883,2.646724122,5.265609379,4.827114943,5.419461531,3.206595589,2.407749503,8.755856747
BM_36_356,3.603173932,11.39725047,7.543730651,7.618679751,0.083639271,5.586729213,2.227143811,10.79649169,8.326230986,5.548671922,0.71807877,7.690615561,8.669135081,4.471771653,4.601850641,6.543229307,7.012943457,6.643712863,10.41658385,6.478928892,4.134452122,8.559477434,7.622629771,4.782150491,7.435485883,5.919663993,6.740243282,4.310674224,5.952414463,6.855363946,2.748855915,5.235157788,5.431349362,5.471082961,2.809771622,2.802048219,9.082385622
BM_36_358,3.554182832,12.2227071,7.202808369,7.519230955,0.570801452,5.430121346,1.458834575,10.68082763,8.19520133,5.365792198,1.426868989,7.549633136,8.394591865,4.232863163,4.076583438,5.993427166,6.337188791,6.787765015,10.11684247,6.553347439,4.133375669,8.548537378,7.367323573,4.721267271,7.048927023,5.647762251,6.462520037,3.916187581,6.449102359,6.500291114,2.855980731,5.234762016,5.161090234,5.091187997,2.761447539,2.473291453,9.543302716
BM_36_326,3.272287691,11.17476955,7.526367114,7.505107774,1.623136735,7.690307201,0.001109819,10.6193251,8.393325753,5.018182542,3.195956896,7.489904605,8.53428341,4.261262909,3.762425116,6.090359231,6.882343407,6.490740803,10.18483719,6.237959044,3.936661447,7.99751985,7.573178798,4.272278824,7.186803515,5.339563106,5.976266157,3.733580358,6.442868253,6.454863965,2.635794894,5.316060642,4.857260563,5.294320727,3.627650371,2.537727492,9.004781138
BM_36_330,4.024029335,12.760569,7.412084022,8.201779965,2.374903901,8.15945736,2.748294185,11.23396094,8.310587876,6.089924293,3.962995026,8.661823388,9.041452206,5.127005311,5.751120868,7.271673807,6.323040153,7.310179173,10.18185879,7.039981809,4.167311347,9.563486981,6.478761505,5.149254545,7.070879022,6.280796548,7.388186676,4.997396601,5.099576751,6.804602444,3.961039875,5.526745521,6.267145421,6.13451528,2.052841399,3.627927925,10.35894838
hB_RNA_10832,4.208305567,12.95537013,7.311433856,8.052852123,0.704773176,6.625753612,1.606394616,10.56985107,8.463817536,5.427103263,2.853022071,8.695183274,8.899402001,4.882456539,4.114521045,5.820354696,5.609708537,7.319443067,9.750535309,6.994420205,4.851384618,9.480962202,6.414315292,5.19810205,6.806460361,5.72385234,6.810850035,4.822412764,5.263480097,6.550000001,3.906097468,5.202018597,6.647188944,5.459255186,2.773686836,2.910572772,10.51344112
BM_36_291,4.768434046,14.24363347,7.452361609,8.515454959,-0.037117009,6.574992509,2.682391445,10.38616014,8.348934395,6.196740769,3.116290879,9.057016267,9.323054522,5.415118993,5.247057416,7.550335964,5.808147534,7.402891377,10.02229377,7.256579159,4.680353783,9.596154492,5.114715171,5.646194513,6.943319122,6.841517133,7.60627642,5.802289164,4.443393212,7.353097456,4.772945291,5.192777437,7.145623881,6.264308289,1.851097128,4.420062682,10.89272723
BM_36_354,3.352716243,11.149951,7.632203772,7.534433739,0.629182564,6.615931297,1.067423539,10.51647911,8.377452005,4.98733649,1.839384903,7.31535468,8.492507692,4.027362255,3.643100821,5.879069117,6.662126078,6.681336509,10.39681194,6.436436847,4.143170923,8.396364078,7.54708983,4.316686797,7.343616815,5.625659109,6.166235884,3.788162212,6.52527427,6.483713111,2.491218687,5.298681676,4.654897716,5.315460343,2.754155746,2.881436216,8.927530681
BM_36_538,3.927440314,12.16358125,7.51024858,7.9471335,1.168825234,6.264023924,4.988163687,10.67690454,8.570278441,5.518547857,3.293868017,7.727262444,8.70971673,4.675672621,4.887097403,6.860635536,6.593382134,6.572762365,10.44384914,7.417852178,4.305179693,8.623542979,6.550989741,4.877778177,7.281802014,5.882475666,7.119770188,4.737592395,6.22392847,7.049525255,3.159130518,5.180406168,5.57730995,5.697903897,3.221883257,2.889772229,9.828078345
BM_36_408,3.232861949,12.60340525,7.344300896,7.949075253,0.161696225,5.245107841,1.864966103,11.34999149,8.135188975,5.949705721,1.49934628,7.52264526,8.52736548,4.361903674,5.281608757,7.157653337,5.855169716,5.935125371,10.31084236,6.188828939,4.293112326,8.163002091,6.268441465,5.161470416,7.021994802,5.971926203,7.070418393,4.137378202,5.742284984,6.553372797,4.692940956,5.020966149,5.503909272,5.569985907,1.010860034,2.192688474,9.785114775
BM_36_355,3.913890402,12.06208628,7.438880593,8.387902707,1.808471812,7.311280685,2.508874767,11.54733636,8.47374883,6.150892229,2.611269086,8.398390273,8.842031053,4.654621663,5.846578894,7.092605969,6.387341638,6.688546116,10.46270738,6.903219553,4.107055663,8.85813445,6.930499022,4.981785371,7.076644208,6.229190671,7.234372447,4.853296724,5.677656689,6.825422801,3.837299215,5.204968518,6.005927573,6.086062505,3.138588492,3.074547502,9.758352682
BM_36_360,3.925135108,12.02949047,7.256079141,7.599126755,2.034480372,7.942610319,2.304054773,11.34610066,8.150592187,5.349557927,3.800689074,7.872810989,8.893299036,4.328028452,4.689588784,6.583082715,6.24161836,6.886365611,10.33432748,6.907056556,3.679752043,9.0635236,7.498729879,4.903854095,7.015801638,6.205937499,6.764592296,4.87217866,6.504976806,6.803735532,3.513502439,5.311805517,5.728292048,5.627320946,2.739309169,2.746778573,9.80145829
hB_RNA_10722,3.953674208,11.80428743,7.676035565,7.648120702,-0.428436675,5.722283706,4.986918889,10.85871555,8.292206757,6.121810132,0.402671022,8.301614851,9.375247943,5.223958236,5.208480414,6.640905006,5.537064711,6.73102731,10.37338841,7.71381488,4.415009346,9.621630577,6.129030954,5.639267497,7.382126804,6.436248235,7.145228297,5.641799097,5.774082547,7.626775532,4.062236208,5.302718869,6.442526192,6.679847537,1.301305196,2.954245087,10.05241955
BM_36_310,3.630405191,12.044038,7.54753749,7.407928505,1.256840262,6.750256141,2.982879232,10.42524519,8.593387232,5.314872317,1.827376602,7.369412444,8.68000145,4.544406466,3.542331258,5.898515711,6.791068784,6.680067864,10.19768209,6.633517664,4.484851423,8.336379746,6.788973076,4.279210475,7.386630211,5.64281016,6.673169366,3.680227991,5.792098572,6.84973385,2.904092983,5.211237498,4.60437791,5.515453353,2.787628358,3.835918311,9.141592878
BM_36_282,3.687830801,12.15962483,7.758164481,7.379930266,2.967114344,9.121547669,1.766296186,10.64304676,8.681665141,5.545081232,4.942435894,8.05951569,8.953817858,4.371581395,3.806318349,6.497427766,6.57829847,6.477864046,10.34347233,6.922561453,4.23262188,8.629240121,7.302492346,4.709962808,7.322975784,5.984192395,6.566363983,4.305493284,6.065229358,7.01164676,3.123340914,5.26451992,5.225113041,5.841023399,3.18080742,1.799006006,9.332075835
BM_36_521,3.922930387,11.74221868,7.7537042,7.751840712,2.692372543,8.959795372,1.603475641,10.14688206,8.628096425,5.266387031,-3.706978701,7.611844037,8.970497905,4.719491564,3.86752082,6.417187196,6.533428783,6.479580034,10.23488858,6.600342214,4.575395518,8.482772901,7.032900381,4.528582066,7.313953292,6.18748608,6.467932944,3.982457191,5.731218338,7.303193979,2.753525148,5.380863772,4.618337758,5.507272398,2.956452109,3.577370194,9.128464315
BM_36_281,3.81961862,11.23317349,7.545748883,7.787214011,-0.163658252,5.652859094,1.057658814,10.73299105,8.369010086,5.55690134,0.444158012,7.684995381,8.737724361,4.392172702,3.920226019,6.787305013,6.814297032,6.881907972,10.28904897,6.516614847,4.599334738,8.636254547,7.352038595,4.102740908,7.073204415,5.948702927,6.280135991,3.875593637,5.933530424,6.759968925,2.976908444,5.437973418,4.729435268,5.223132722,3.748589022,2.826079217,9.471177499
hB_RNA_10842,3.178258769,11.81018482,7.35668051,7.499403505,1.120684017,6.856406974,0.811502627,10.73571487,8.365310304,5.407761651,3.266649569,7.653808582,8.495730047,4.353309771,4.516231427,6.659472266,5.946920619,6.57703174,10.12336319,6.582831632,4.048336989,8.506016452,7.635864324,4.44159861,7.173591975,6.184485143,6.410635286,5.750092555,6.511284434,6.226241772,4.361258822,5.050056149,6.066478262,5.587552676,2.579786764,1.672511542,9.622612134
BM_36_510,3.177861533,11.41193641,7.593507453,7.855657317,-1.462069004,4.609897492,3.514037369,11.30714263,8.629502193,5.883571058,1.538552669,8.537231377,8.693140588,4.852651035,5.597945126,6.584270979,6.46348062,6.46363987,10.45783532,6.872572703,4.170355453,7.809937928,6.565023625,5.452797266,7.114984635,5.85835686,7.196377083,4.884402602,5.63711598,6.563608843,4.53787143,5.209078669,6.046507494,5.982315652,1.444546801,2.645033976,9.291496822
BM_36_527,3.554846714,12.74642013,7.395672791,7.628879034,0.10960467,4.909736061,0.687954911,10.95201864,8.376694208,5.663208604,2.257941351,7.710181934,8.650963915,4.136733053,3.838359957,6.576228802,6.410290087,6.677141985,10.03038666,6.559401873,4.221644389,8.409021887,7.641866695,4.644575966,6.939552818,5.822079997,6.46009697,4.257479888,5.867008996,6.317563919,3.756727346,5.053040397,5.900625686,5.508197559,3.086193518,2.280413992,9.299915009
hB_RNA_11142,3.803299255,12.86894623,7.512511431,8.102283516,1.469135231,6.874874248,2.435455952,10.6844062,8.418376574,5.913510244,3.091560174,8.299760816,8.84500048,4.463555669,5.075187863,6.980582147,6.01781817,6.524806106,10.0564099,6.70839792,4.269823764,9.008580346,6.212340556,4.797386009,7.070469443,6.313619144,6.795309596,4.86622304,5.217476109,7.007907989,4.287366676,5.02661447,5.528846456,5.723531062,2.447908633,3.636683355,9.938487161
BM_36_286,3.275865063,11.36547705,7.380760683,7.694933058,-0.868907365,6.083551215,1.96421553,10.60714084,8.187453284,5.701728373,1.028763231,8.299563947,8.310513689,4.223138655,4.709524366,6.732078921,6.814377387,6.045502039,9.935485561,6.073679562,4.204148303,7.832193977,7.429106252,4.967830094,7.125182603,5.509074754,6.478722324,4.49746047,5.81424199,6.339211248,3.316066573,5.196647797,5.357260181,5.370462674,2.921458521,2.843943725,9.075615484
BM_36_279,2.98587503,11.49859637,7.358673886,7.943770896,-0.292379781,4.651479818,2.389591361,10.98685156,8.148824977,5.790584178,1.124173337,7.366153144,8.528589802,4.548389679,5.369990788,7.100225086,6.4097404,6.419612166,10.18664733,6.430146856,4.24000412,8.241575258,6.514864831,5.192492311,7.247518172,5.608309814,6.905274216,4.413089167,5.641429762,6.439057369,4.701911963,5.255076242,5.672389468,5.937140593,1.833244823,2.717610091,9.345979648
hB_RNA_10952,2.864810578,12.53382399,7.4614387,7.861494959,0.960867552,6.404353243,0.868764681,10.30025358,8.527267793,5.28554972,2.838148944,7.248103681,8.458676497,4.083905943,3.719852206,6.092460599,6.796413282,6.469138495,10.05980404,6.202584289,4.099883298,8.142425988,8.098649519,4.246371532,7.216197618,5.815424109,6.3379699,3.854228554,6.225912204,6.299033498,3.635967965,5.317930009,5.457061731,5.287636518,3.075519036,2.730423665,9.141915337
BM_36_278,3.6003483,11.99403687,7.596377812,8.041820424,0.62792414,4.748758891,0.571659746,10.86031582,8.309578109,5.975354406,1.54580794,7.798668358,8.636248865,4.272292563,4.951543686,7.143396929,6.579569713,6.666611606,10.30426369,6.254969642,4.476765787,8.283992715,6.703402674,4.556799152,7.237560463,5.834708437,6.810218148,4.37766885,5.731605362,6.600008302,3.194518926,5.536783739,5.32614712,5.551536453,2.827760275,3.14715707,9.619528805
BM_36_380,4.100795643,11.57346628,7.48460527,7.888833771,1.223078097,6.976544474,1.525358078,11.46965464,8.431554229,5.40910529,2.873983976,7.804226899,8.886170298,4.218257131,4.776239077,6.61316872,6.769794672,6.755094122,10.60621024,6.8563929,4.090496216,9.29417382,7.553251712,4.981839955,7.058447973,5.996864226,7.069980335,4.204434533,6.110094538,7.060600861,3.563841841,5.130344838,5.456702693,5.687030371,2.614322754,2.408891569,9.511012386
BM_36_379,2.534553926,12.41439646,7.421346595,8.067723657,0.383541452,6.952408129,2.723684869,11.18055363,8.399920652,5.582289933,2.166234314,7.799351343,8.81526166,4.530339415,3.858223129,6.466096361,6.186584549,6.951531748,10.36009626,7.283331085,4.331595816,9.53863948,6.612254264,5.411295713,7.25973783,5.201151569,6.878739234,6.354821293,5.837990731,6.50410534,3.928771729,5.211882535,6.564212863,5.936288926,1.318138849,1.820742131,10.04216953
BM_36_541,3.894058387,13.75332118,7.342800657,8.206512979,-0.437159319,5.958215651,0.816060795,10.84955193,8.200915159,6.139376568,1.00998257,8.154705932,8.745015766,4.871167918,4.18769794,6.476495101,5.813563427,6.719612642,9.947237852,6.927305667,4.370752217,8.419971292,6.003457481,5.101645699,6.986726863,6.327078426,7.287299465,6.073042299,5.077486013,6.692759843,4.003283558,5.470597194,6.856947496,6.20353692,3.409118745,3.374180328,10.24741533
BM_36_378,4.09980398,12.69789835,7.615209256,7.507208058,0.201814443,7.639832529,3.007433411,10.24986935,8.647584903,5.866915092,2.382537094,8.363389104,8.953322197,5.188063719,4.010457782,6.374990752,6.258155339,6.961628939,10.17741184,7.143663648,4.685171667,8.986253444,6.135204975,5.332106071,7.469019554,6.200477615,6.890206139,4.31239011,5.532108869,7.224284154,2.185279655,5.370124213,5.208332065,6.072108338,2.236825168,2.36999669,9.51289387
hB_RNA_11062,3.421044612,12.82021519,7.462421874,7.77028029,0.875442702,7.06994777,0.67236536,10.25266884,8.4120451,5.265376278,2.940440903,7.583434774,8.652123435,4.327892721,4.126552115,6.485871881,6.386169924,6.263315475,9.964881855,6.431036149,4.270265852,7.750494122,6.942344057,4.353551082,7.139006807,5.815674244,6.350958456,4.432643417,6.088427552,6.486588783,3.855964068,5.314284927,5.542566795,5.832998481,2.6946391,2.17233308,9.398890907
BM_36_377,3.292386405,12.23129205,7.67052558,7.603800349,0.840627666,6.507254528,1.214084501,11.07048241,8.572450902,5.151987731,1.94806319,7.116373721,8.714997684,4.15859114,3.993442693,6.473504825,6.620537468,6.536209013,10.55345346,6.406868411,3.922178936,8.288518927,7.147341404,4.590023336,7.345776289,5.854838262,6.233939882,4.201295957,5.782724278,6.743926439,3.410541499,5.334351532,5.161034503,5.602320639,2.854614341,3.40749163,8.934801735
hB_RNA_10972,3.610881153,12.0093195,7.592805431,7.777534519,0.096406774,5.448024392,2.978092332,10.57423428,8.501955475,5.408203008,1.907891705,8.006353067,8.531553361,4.879872978,4.841542642,6.835231378,6.322666839,6.537091982,10.15615389,6.494885003,4.544659473,8.70126787,6.940925281,4.760509574,7.074393546,6.070682617,6.791428365,4.676000634,5.669661603,6.570949633,3.78136027,5.299170702,5.4051695,5.51194701,2.779182778,2.475222973,9.633195308
hB_RNA_11072,3.933342219,11.9064502,7.68405102,7.847390417,1.215599001,7.665078006,2.386835188,10.3817868,8.732987054,5.687635429,2.847330894,8.303342004,8.774741863,4.518551392,4.689238994,6.089192765,6.444593551,6.870275915,10.10348251,6.624624551,4.432045766,9.079984796,6.673552175,4.868869853,7.359121935,5.895862512,6.59676077,4.584266083,5.726312811,7.033756587,2.980909509,5.346909332,5.759138998,5.607676009,2.275855935,3.281560948,9.906978794
BM_36_410,3.75617382,12.46587277,7.306249394,8.101802325,1.13184757,5.828468517,1.261220387,11.1826442,8.092709828,5.836301742,2.692057489,7.859149624,8.691174263,4.32502001,4.355267783,6.773801366,6.349271517,7.332184555,10.16723136,6.54421468,4.437103984,9.156460768,7.287378143,4.903598431,6.890751706,6.10954435,6.805270315,4.165219408,6.174211793,6.738092222,3.6146889,5.22747621,5.871924151,5.551761696,3.176176447,3.244260715,10.48206487
BM_36_331,3.330319314,12.8592144,7.534816481,8.155701966,0.180367672,6.874368967,1.999225729,11.49304349,8.51647941,5.81158451,2.666027954,8.055253638,8.846069236,4.916189333,5.685213555,7.269218935,6.276825341,6.669385093,10.2969056,6.851605307,4.060491039,9.090584648,6.312933269,5.433520959,6.984260679,6.270623121,7.204890958,5.291425103,5.221910017,6.791884551,4.358847906,5.360518275,6.329384631,6.056136406,3.254799463,3.454492501,9.80870643
BM_36_350,3.498556217,13.00879127,7.299973919,7.544297254,0.350273842,4.264206681,1.037157928,10.86446921,8.325703798,5.584353064,1.773160134,7.468293145,8.665824684,4.564421374,4.23600887,7.032618196,6.368750812,6.868510607,10.22130687,6.800557651,4.02620005,8.713774497,7.367162236,4.488018911,7.167618483,6.002571365,6.604742262,4.812430637,6.073479487,6.513219645,3.614154918,5.184816102,5.795439304,5.71310115,3.313000876,1.943474771,9.364003541
BM_36_375,3.940593565,13.07031593,7.462182299,8.088070931,1.309327841,7.168519965,1.223785967,11.37517443,8.473419268,6.164722343,3.108338488,8.500408979,8.892596466,5.040662021,4.958229086,7.264451071,5.708497883,7.324263367,10.40472271,6.976394045,4.664293771,9.134071421,6.464603572,5.242655772,6.764815112,6.063515835,6.921361525,5.046663118,5.19389966,6.421003497,3.773476422,5.540554052,6.007299853,5.793656148,2.757374937,2.99484018,10.13894718
BM_36_376,3.087904718,11.80040572,7.668337863,7.496120531,0.594698477,5.996943919,3.738901645,10.63471789,8.578624509,5.514258667,1.545364532,7.32266644,8.80421873,4.425452742,4.499875709,6.494648581,6.874929336,6.78373912,10.27273177,6.623227707,3.901714647,8.315554237,7.283993899,4.669255197,7.405737033,5.920133109,6.785456019,3.811602493,6.167148249,6.422866735,3.702932178,5.238978501,5.335166715,5.596841263,3.198714891,2.242986706,9.175936263
BM_36_374,3.719341603,11.15476882,7.413606486,7.352519931,-0.200391656,5.610691335,1.662676955,10.92486876,8.171330707,5.549850635,1.207366787,7.429725355,8.461580068,4.232158064,4.096401341,6.297908702,6.381955046,6.652381228,9.936930809,6.411387053,4.149505196,8.536764934,7.434663395,4.292780633,7.069749632,6.075214644,6.54216067,3.923874559,6.177014339,6.687103128,2.918335388,5.324821847,4.945566861,5.369081642,3.861433148,2.99150106,9.464397921
BM_36_373,3.061368919,12.22730166,7.48217633,7.512909546,-2.239919128,2.557967155,0.676451516,10.80287775,8.451548108,5.25796727,0.189586008,7.048850436,8.476308518,4.355138055,3.932438606,6.29311573,6.248204804,6.491012138,10.09529331,6.271379729,4.162715637,8.182979484,7.562064176,4.140505257,7.045425976,5.333055164,6.287392901,4.291905878,6.567256798,6.207541622,3.770641337,5.18034705,5.421750385,5.211117782,3.297835304,2.927520419,9.290839572
BM_36_307,4.067615725,12.69805322,7.776543005,7.507784939,2.086500839,8.639018124,3.823874399,10.78695638,8.553759096,5.761782477,3.51439345,8.415330593,9.149342135,5.104857597,4.627360074,6.798695688,6.569643616,7.329318584,10.20195075,6.721760649,4.276696558,8.349913536,7.236772987,5.442036918,7.584859783,6.265180161,6.750063178,4.830699466,6.112207694,6.113315128,3.038645726,5.694653381,6.061812589,6.180435835,2.060886033,1.827050109,10.19081925
BM_36_419,3.861554329,11.91951571,7.544247055,7.663947566,1.215400743,6.987447423,2.301479099,10.64340428,8.367998674,5.550367838,2.758915242,7.417389587,8.838213821,4.774025982,4.295161678,6.671495275,6.948433934,6.95150331,10.20304407,7.011431407,4.039034362,8.205324396,7.250139687,4.824039917,7.36224387,5.748271922,6.496806085,4.158395685,6.219829728,6.66727453,2.886215353,5.562529191,5.012410954,5.940878522,3.696232994,2.768089957,9.052713167
hB_RNA_10742,4.936697212,12.79789286,7.822723017,7.913091438,-0.047074112,6.111676959,2.205992897,10.41075826,8.654651868,5.952281184,2.623003402,8.3705979,9.326560372,5.104049397,5.109318104,7.004400279,6.309642315,7.11257574,10.47412103,7.323815624,4.53669434,9.426969594,6.653805192,5.392225765,7.321373083,6.759874538,7.013177859,5.166988996,5.719387107,7.741921877,4.053618087,5.317897817,5.989470302,6.234742819,2.593943146,4.138910251,9.929884587
BM_36_317,4.130629817,13.25763069,7.52430132,8.536447952,2.480356743,8.153831464,2.563215273,10.6683982,8.440663363,5.897255345,3.444304534,8.093371677,9.054144314,5.011830596,4.735292053,7.2218969,5.90232953,7.20575217,10.18156752,7.074327713,4.850213097,9.183710764,6.424181337,4.818329417,7.068212949,6.414507285,7.086347102,5.200917008,5.314310991,7.320452499,3.911495533,5.317266491,6.289526989,6.109456104,3.470011926,4.478045792,10.12709298
BM_36_437,3.907604965,11.7131145,7.438188691,7.936900935,1.867643635,8.177241783,2.465186746,10.49168082,8.348774186,5.457703322,4.465734062,7.832543347,8.712214861,4.675946405,4.512247188,6.280780718,6.366558805,6.94347483,10.17747892,6.708368133,4.409035398,9.136664465,6.505181668,4.742349291,7.129449311,6.032841368,6.511898935,4.476367864,5.934048668,6.866115194,3.152610815,5.282394895,5.450799661,5.691585222,2.435272218,3.508388315,9.669725321
BM_36_320,3.795563575,12.03619564,7.655169498,7.531779559,1.175016806,6.958590669,1.991425015,10.24952936,8.423519595,5.828935548,3.247490013,7.552988697,8.80790745,4.512315636,4.388585358,6.42705849,6.725115912,6.672251658,10.23286299,6.660524468,4.405480644,8.532037787,6.692336273,4.666225077,7.325122637,6.160716517,6.892345262,4.000725349,5.819926719,7.161111447,3.293520149,5.209668857,4.843241986,5.926258663,3.127316172,2.916382886,9.062173092
BM_36_363,3.570174729,11.81443228,7.470341944,7.427727757,0.028428064,6.552290035,1.745988327,10.32723214,8.500317432,5.566042432,2.12567979,7.373654624,8.561075767,4.512736089,4.094040567,6.021801976,6.80384958,6.758408022,10.28235233,6.528063619,4.417763316,8.365567244,6.573025178,4.661335749,7.455234007,5.836196968,6.688884649,4.15114848,5.711828022,6.836539281,2.730703643,5.320511605,5.277986323,5.430366117,2.892534275,3.273763753,8.978373433
hB_RNA_10682,4.229627512,13.51628868,7.41743359,8.636253805,1.562428024,8.098739575,2.095451068,10.35743142,8.234078485,6.126162194,3.610618497,8.458014072,8.891517029,5.05422992,5.030621731,7.066510307,5.59260339,7.163945369,9.911089088,6.90430086,4.934777749,9.08854111,5.38831572,5.156648743,6.91284099,6.403149801,7.199875531,5.102149489,4.574827093,7.126135733,4.185522683,4.945334458,6.049119587,5.994547443,2.947018095,4.26731122,10.2125632
hB_RNA_10712,4.424378843,12.12996669,7.76860375,7.914090628,0.390532844,6.607293982,1.987938852,10.91207606,8.813076079,6.170704472,2.554852886,8.632166301,8.996077306,4.735934741,4.734671852,6.940989994,5.486021106,6.554695075,10.37569201,7.188698356,4.715171113,8.904081163,5.520748167,4.900291899,7.197788713,6.587898665,6.886862613,4.949883051,5.687531429,7.549530159,3.555578963,5.162642351,5.617483937,6.089452861,2.23395517,3.677458529,9.692454822
BM_36_370,3.89436408,12.49346042,7.317233053,7.370133254,0.324550603,6.635741375,1.202497991,10.08410385,8.247850023,5.664139438,2.941106539,7.865715654,8.626650296,4.491552827,3.534039316,6.041969164,6.20544692,6.887616348,9.840856684,6.850888005,4.377829658,8.433503326,7.18408999,4.61867834,6.857508997,5.530454746,6.44193095,4.055713301,6.148573573,6.342734702,2.868243811,5.279145314,5.299428689,5.409908721,3.146777031,2.831105761,9.342006108
hB_RNA_11052,4.222598975,13.66455663,7.240105139,8.340244957,2.312685093,8.417371004,1.897798857,9.889745223,8.367351216,5.911297715,3.585356809,8.726030597,8.981077651,4.998072338,4.276761854,6.554190191,5.334227175,7.256164875,9.706225321,6.896572224,5.455393905,9.290323142,5.304302462,4.789012146,6.978466671,6.675230252,6.798388479,4.937925629,4.819012136,7.085371154,3.972790135,5.033117922,6.427810269,5.841728279,2.829906142,3.587614768,10.79926736
BM_36_365,3.945756456,11.89848632,7.584212379,8.092688704,2.10867917,7.623562491,1.955250426,10.99049566,8.270826453,5.871205585,3.679132282,8.278031034,9.011556175,4.660527551,5.063113323,6.90095573,6.299671372,7.074564877,10.32606739,6.969833217,4.554166013,8.80415637,7.230632033,4.945599762,7.1524389,6.24267198,7.036029883,4.758696357,5.963446423,7.142529651,3.638626061,5.535026633,5.689320609,5.741486001,2.688766907,3.741232988,10.06775724
hB_RNA_10802,3.827052485,11.69929247,7.858890189,7.710459415,-1.907530068,3.91698239,1.592430452,10.97983302,8.770781238,5.740577839,0.117380678,7.754584623,8.831545596,4.416960534,4.588728109,6.38479301,6.333050863,6.503094268,10.35587069,6.843827063,4.196200105,8.757571192,6.040946476,4.905352158,7.184522062,6.139758875,6.326628899,4.843359561,5.987745234,7.095886679,3.17277085,5.480213354,5.621050136,5.934086257,2.94547625,2.77301556,9.335213348
BM_36_345,4.025412362,12.46211705,7.724765485,8.22536694,-0.352774082,6.853936261,1.632436458,11.7269969,8.65831024,5.662738781,1.691355373,8.193038565,9.190777885,4.656956269,5.012243756,7.245918376,6.427909042,6.88074462,10.65768261,7.04643082,4.032846211,9.152197275,7.189948663,5.349634151,7.131814355,6.264602742,7.136406866,5.702847299,5.795139426,7.222486948,3.493262242,5.367698463,5.907286121,6.189455115,3.075540551,2.204383391,9.64022039
hB_RNA_10942,3.722927063,12.08237758,7.42399023,7.703039653,0.855103656,6.682106956,2.194524703,10.859689,8.466997669,5.530457442,2.394700741,8.109026245,8.687033295,4.644030541,5.308738578,7.186300242,6.132893043,6.769547151,10.14770463,6.4015116,4.588690101,8.999932717,6.695629473,4.722679159,7.045460186,6.212674755,7.053920152,4.518580409,6.013426701,6.703854807,4.332951457,5.212824551,5.537716757,5.854875959,1.485321096,2.873859754,9.647847524
BM_36_346,4.12064631,12.25973775,7.666777516,8.570376662,2.223512325,7.902681335,1.832867266,11.51582563,8.441912121,5.982830872,3.041134832,8.49779134,9.337503348,4.633687722,5.31171768,7.362435598,6.187662733,7.004745998,10.6880661,7.216007604,4.633337308,9.47977003,7.075321173,5.031373114,7.214209547,6.617766888,7.510292196,4.92985163,5.504741608,7.608766929,3.443575974,5.339019771,5.933199843,6.203378854,2.977449502,3.314538574,10.15718058
BM_36_290,3.734899888,13.33374042,7.507215681,7.578906717,0.945909628,7.384954115,2.713785795,10.35333733,8.483364266,5.907348628,2.510709,8.376137274,8.752674174,5.217620252,4.543036237,6.511067962,5.627629995,7.111333284,10.05173976,7.024694078,4.524201697,8.555686951,5.677990411,5.310556643,7.289215453,6.19541462,6.986965129,4.582732961,4.885491091,6.913124463,3.838652394,5.510090646,6.039466769,5.936115346,1.559647496,2.857992989,9.755861344
BM_36_482,3.171481398,11.81131632,7.646728984,7.760226342,0.283786899,5.6646516,3.194216331,10.87234935,8.51577838,5.644930315,1.73938264,7.604402114,8.895706663,4.704294887,5.329890186,7.039688613,6.402626477,6.344468245,10.32979371,6.558362204,3.832780787,8.522911643,7.452216725,5.335477037,7.508724894,5.982032937,6.91423854,4.254821547,6.500998086,6.517359169,3.893821163,5.188458485,5.707072318,6.261353467,2.257754637,2.390666287,9.415594386
BM_36_339,4.136549048,12.09098894,7.514871158,7.765082214,-0.131519342,5.303625553,2.209425093,10.11251833,8.34152729,5.528711291,0.502849099,8.18343527,8.847174018,5.022985855,4.200089281,6.319275081,6.151146107,6.784026435,10.21048832,6.963213953,4.247191048,8.487021175,6.55841372,5.042133857,7.175056895,6.447185398,7.116683801,4.839234373,4.981601161,7.183687135,2.999564705,5.233747334,5.650976256,5.801631836,3.128662671,4.014770118,9.247937545
BM_36_441,3.341810913,11.17640663,7.747278034,7.430089524,1.182615265,6.794030943,1.826642587,10.44392663,8.597934401,5.321930331,2.825809468,7.322553036,8.765290563,4.246130311,3.890554583,6.335614931,6.673712811,6.653795638,10.33385902,6.570504221,4.232384641,8.406174056,6.918088259,4.275079352,7.497695396,5.699208715,6.295076754,3.621163805,6.425699291,7.023228837,2.320917395,5.287588838,4.533512178,5.434235856,2.733510431,2.632552413,9.04985551
hB_RNA_10892,3.739251591,12.25140306,7.413387907,7.974334788,1.086290551,7.064929201,1.355752576,10.83163231,8.44108161,5.609400405,3.320241842,7.729079483,8.887703477,4.414908177,4.637693963,6.455049896,6.625866458,6.340883961,10.03436056,6.412445986,3.376887544,8.913600671,7.57837881,4.638576601,6.956701383,5.61216375,6.582581006,4.193578774,6.307753236,6.573589807,3.663406937,5.337489056,5.468286956,5.422253935,2.652441041,3.565378261,9.572753936
BM_36_424,2.856023822,11.48179081,7.513705661,7.613363654,-1.558200135,5.070343314,-0.651340035,10.302413,8.32787799,5.296025787,0.31755963,7.441235087,8.869015862,3.8169413,2.667925106,5.646068538,7.053879914,6.74936768,9.91946161,6.543247909,4.049104082,7.630336811,6.638795696,3.436233971,6.913033762,5.384724024,6.568731444,4.101489784,6.593896507,6.650424947,2.405672097,5.874183773,5.306667395,5.618626863,4.248871974,1.961373173,8.871458443
hB_RNA_10762,3.986286911,10.94022867,7.847888046,7.764459936,2.531159865,8.676781396,0.981748089,10.7075838,8.736199745,5.296504173,4.962415119,7.996336276,9.225563599,4.724036426,4.347141428,6.071128343,6.328552149,6.857546017,10.4506481,7.231334645,4.404099805,9.369461908,6.501891851,4.804812753,7.659356904,6.393162809,6.584062986,4.440912505,5.583732372,7.691976125,2.713287413,5.283881094,5.553905385,5.931296977,2.301294511,3.467996502,9.604584659
BM_36_423,3.684498349,12.90160538,7.60654299,7.467844105,1.328822176,7.613763421,-0.142131158,10.18258479,8.55862607,5.316273645,2.785205515,7.526518768,8.643573254,4.5415314,3.305662579,5.873038375,6.475879595,6.487045944,9.828902847,6.658317724,3.920848004,7.829203805,7.126506523,4.354937864,7.238740441,5.834924798,6.24783449,3.747739591,5.637513387,6.34376995,2.707695415,5.358867377,5.167732792,5.630408288,2.524582126,2.660684677,9.112841973
BM_36_332,4.011488862,13.43889103,7.548356556,8.441362729,-2.128909086,5.916755767,4.466822954,8.99101274,8.574990636,6.432854795,1.554284858,8.165007023,9.14619438,5.8762742,5.462635919,7.100716159,4.93476294,6.843223318,9.4736875,7.236682098,4.013269963,9.325950715,5.761637539,5.630420798,7.414865513,6.371497928,6.965193866,5.649568274,4.430599693,7.732504301,5.098101958,5.442168019,7.080367389,6.721640101,1.94595361,3.506770828,10.57411705
hB_RNA_10912,4.296477555,13.84033748,7.282545607,8.269873684,1.047843361,5.55280212,4.103564633,10.67141691,8.135666479,6.387385163,2.3798689,8.332881346,9.097842755,5.336600127,5.352392882,6.874217642,4.196964909,7.013439454,10.06347158,7.75772548,4.368115265,9.565507457,4.208438915,5.740855619,7.00884731,6.545864315,6.944131507,6.051816293,3.939912461,7.371399297,4.520575449,4.97639243,7.05757872,6.332490319,2.359936005,4.001824199,10.77515662
BM_36_476,3.094504063,12.53454484,7.214906357,7.391706062,0.049506744,5.533389468,2.002671931,11.11264236,8.102773053,5.457835483,1.580477946,7.201645179,8.714943304,4.624398873,4.003438764,6.195701109,5.765281168,6.409749906,10.30895808,6.901226376,2.797917592,8.232622721,6.929827214,4.650459777,7.110343625,5.297774419,6.4989443,4.724144291,6.34516826,6.185742075,5.027195903,5.603594654,5.975093337,6.497967213,2.575259118,2.666307094,9.332888849
BM_36_299,4.806991945,12.82649777,7.627652596,7.739959645,2.464409871,9.190197599,3.163721279,11.12036134,8.721032526,5.825340539,2.565013785,8.944216923,9.196186274,5.345686647,4.267167375,6.848078105,5.651482441,7.33226739,10.39962091,7.422270328,4.32353596,9.668372133,6.069535284,5.524503158,7.016400288,6.638222196,7.147596826,5.555147025,4.860999783,7.614376879,3.672083465,5.375704426,6.275246313,6.311537041,2.505108459,3.480001395,10.10135384
BM_36_422,4.638883108,13.66140419,7.443957729,8.451555436,2.24507219,7.842460246,4.735791355,9.565911661,8.45555127,5.986088631,4.179261541,8.654829014,9.422480149,5.822377581,4.680740952,6.507339416,5.05938334,7.602420765,9.526557231,7.718957699,4.98733375,10.38487448,5.188360226,5.240267395,7.176609595,6.792077072,7.157546113,5.561686977,4.32385744,7.870364497,3.907143078,5.62898215,7.076205933,6.598444972,2.718902061,4.258153846,11.22473997
BM_36_393,3.763003637,12.49305309,7.43697163,7.750722598,1.681949958,7.48920914,1.681965658,11.26895238,8.338177375,6.032923932,3.036253177,8.221166127,8.484513192,4.73714208,5.547426171,7.402566894,6.124719435,6.671267356,10.46893185,6.722057686,4.104116027,8.631548776,7.371746266,4.950652321,7.109759916,5.917557639,7.030017986,4.641663142,5.739472452,6.627595562,4.022370023,5.373319293,5.503587439,5.872429718,2.650253364,2.248426561,9.247461952
BM_36_364,4.126461998,13.38849923,7.631620181,8.673127606,1.810936155,7.800765167,2.16079144,10.63082895,8.475741467,6.322808511,3.336818461,8.555520149,8.982945589,5.124591776,5.615183718,7.458211039,5.497117592,6.852515217,10.24273482,7.02005243,3.921213456,8.939610698,6.125827622,5.141865031,7.087335548,6.332126686,6.69494246,6.397131464,5.024292903,6.963455649,3.765685414,5.545799045,6.625494559,6.320299723,3.149536838,4.068566616,10.03490247
BM_36_388,4.195175448,13.73017872,7.397920539,8.091300563,0.154973858,6.053110212,3.619883796,10.09879488,8.391300087,5.901348919,1.379760859,8.318624789,9.23548197,5.078924987,4.627925957,6.82646665,5.684456957,7.043991204,9.866725723,7.108928412,4.505855323,9.947310319,6.260020139,5.47545143,7.243238838,6.333379859,7.098534142,4.903888348,5.230641326,7.366245762,4.037229577,5.089685452,6.719666394,6.207000884,1.755018831,4.286883585,10.58453598
BM_36_333,5.273540815,14.47443757,7.478364739,8.786088832,2.544585727,8.896196875,3.775780994,8.619501026,8.673962143,6.414401659,3.868016894,8.545650462,9.477995195,5.815527606,5.263386954,7.826628277,5.334233314,7.632605889,9.369526622,7.434932031,5.535322364,9.853247069,5.408904705,5.706024536,7.219925948,7.267742236,7.603720874,5.449173627,4.072261841,7.741316703,3.647794659,5.325108855,6.685383124,6.613331079,2.579931792,3.935135236,10.10024265
BM_36_312,3.281368608,12.02834159,7.54798079,7.555487994,2.179110709,7.51611658,1.393269079,10.8204802,8.297337736,5.515697531,3.36832654,7.537916735,8.505468717,4.272559687,4.21579917,6.688979597,6.593332228,6.356558898,10.43037671,6.561127631,3.716359269,8.308517515,7.501627817,4.41331487,7.152780934,5.738645826,6.352712498,4.505796871,5.98097,6.493864138,3.486741252,5.188241312,5.380150345,5.501801352,3.489733273,2.937555285,8.770752766
BM_36_340,3.872702367,12.67728937,7.640791249,7.975148777,3.801913675,9.911972349,2.453070359,11.30765071,8.411922221,5.970478253,5.247134645,8.519360863,9.076500693,4.983524433,5.419319566,7.032215798,5.965537503,6.708832433,10.3166691,6.917749553,4.410959616,8.926791068,6.665032528,5.296798179,7.103941581,6.300901305,7.323799894,4.717212739,5.829119748,6.973182086,4.13035259,5.376990157,5.947142802,6.235960659,1.523681474,2.752786744,9.938987358
BM_36_386,3.633559908,13.33840872,7.400294988,8.268412592,2.564496585,7.498723977,1.539895687,10.61581836,8.197956899,5.705943732,3.328823599,8.098737194,8.764616272,4.619501688,4.487988022,7.109578269,6.149472811,6.694656536,10.23658718,6.629388501,4.596902867,9.033746973,6.859505149,5.078196946,6.955153764,6.135725825,7.097425175,4.851907935,5.123049276,6.758909132,4.177867195,5.294476839,5.864044738,5.589481289,2.722608233,2.866620011,10.16508013
hB_RNA_10692,3.830489199,12.83529832,7.427363158,8.320364942,0.604820863,6.751706027,2.114373162,10.90424702,8.321977262,6.105577419,2.448628109,7.896040356,8.692736646,4.750794002,4.947662785,7.401192734,5.752243978,6.637443265,10.24825401,6.67998739,4.967880706,8.542159504,5.856396246,4.702104307,6.733260886,6.54036518,7.017311746,5.235989154,5.232311538,6.787800139,4.20875438,5.141289289,5.946159837,5.655881786,2.903957854,4.18357935,9.741860104
BM_36_418,4.673100958,14.56995145,7.281019878,9.411411385,2.749271019,8.184515742,4.190699845,9.870188735,8.512311999,6.78735416,4.759142257,9.325042043,8.808667178,5.582397297,6.426218114,8.63667912,4.915781954,7.143224675,9.391969545,7.033210212,5.093038226,9.232771662,5.509695557,5.727774392,6.727761693,6.457132544,7.945069272,6.433014511,4.686868304,7.049550823,4.728641282,5.347459385,6.968600757,6.157355791,3.730923823,4.886650114,11.3938064
BM_36_337,4.241552358,12.73163113,7.319864752,7.862088268,-1.037293857,5.142510999,1.300618731,10.19620179,8.309521619,5.450651207,0.133059165,8.203315898,9.104773584,4.573660651,3.530079131,6.218578243,6.293549817,7.248494511,9.76734648,7.042384409,4.972397301,9.081620381,6.554247308,4.671545224,7.146388229,6.29072696,6.839475198,4.430896865,5.6893602,6.9451038,3.045076191,5.32804866,5.946081699,5.831581151,2.626728588,2.410135541,9.833817474
BM_36_465,4.357657812,13.1944977,7.477510382,8.497208847,0.564975926,5.559120601,3.386563455,10.37784578,8.22424687,6.094861796,2.330811388,8.378961011,9.290086069,4.577242368,5.216248219,6.943062366,5.797537866,7.021721635,10.28222392,7.099757749,4.675467243,9.439201011,5.712239013,5.17560099,7.203397089,6.460625971,7.439823655,5.856158614,5.47234043,7.24628774,4.803281579,5.566695354,6.897350775,6.218195126,2.657172986,3.79827747,10.79084264
BM_36_540,4.998478011,14.34011784,7.560480628,8.836162265,0.997449167,6.875091379,4.388254018,10.01009146,8.41007876,6.371596796,2.943503115,8.902842302,9.357747618,5.709418497,5.292584502,7.674606563,5.30170233,7.863007005,9.685693421,7.385632722,5.172685066,10.16622003,5.096886514,5.722163145,7.131119283,6.500634865,7.570074417,5.866603783,4.386714802,7.503439791,4.257437983,5.68645445,7.044528753,6.611410275,2.3731849,3.369439423,11.10932851
BM_36_394,4.062238912,11.73758562,7.472612692,7.327318849,1.604893309,7.123931417,1.229304626,10.02546659,8.327185838,5.373408132,3.531152021,8.02237764,8.632017519,4.749935619,4.201436821,5.913261701,6.474650998,6.478599375,9.735365753,6.738268512,3.990783006,7.990342703,6.153134501,4.530271382,6.911727037,6.08580299,6.599877371,4.301702298,5.623687148,6.780112793,2.788321464,5.476548427,5.387840189,5.828616292,2.819421494,2.496719616,8.793809298
BM_36_444,4.105600773,12.49795649,7.32514562,7.904509313,2.689282077,9.170867267,3.289157875,11.50929943,8.285597007,5.217459912,4.087805154,8.340203075,9.436719111,5.081649795,4.179025897,5.742100443,4.66276884,7.667997541,10.4231116,8.107109916,3.979667266,9.535024504,6.137487341,5.103113352,7.028700757,5.995801849,7.261053447,5.724152274,4.794983684,7.104433634,3.707782676,5.87003763,7.139812115,6.349250651,4.321794973,3.402928099,10.46513696
BM_36_490,3.668146478,12.19513537,7.434794519,7.761178921,2.079229168,7.50981328,1.667696603,10.67562843,8.315090554,5.653043886,3.801192833,7.5769327,8.757136717,4.505762201,4.08878149,6.666844165,6.674065113,6.510431047,10.07106416,6.634398411,4.123736483,8.473025968,7.3148027,4.889137044,7.187890026,5.820070531,6.5612495,4.136450084,6.34886252,6.632973869,2.993386734,5.364962203,5.169768167,5.310176239,3.084780584,3.108753587,9.407432937
BM_36_366,3.705059259,12.42628779,7.407558007,7.384053439,0.408665111,6.453376607,0.323379712,10.37561759,8.370506046,5.910854113,2.219483093,7.672898196,8.492507809,4.598952107,3.810216931,6.111363192,6.324266461,6.83197537,10.05144411,6.780171227,4.19216589,8.237548551,6.441247324,4.64835781,6.956740754,5.820179791,6.387730036,4.391661961,5.752635127,6.370821794,2.830025611,5.195705151,5.656895623,5.684627578,2.999541672,1.626346055,9.247820983
BM_36_297,4.640166899,13.12670069,7.592548484,8.465932624,0.894976346,6.68855228,2.875831713,10.79074278,8.537142506,5.862021407,2.044645134,8.870791229,9.309956723,4.945179645,4.634002177,7.00808276,5.978106002,7.172219874,10.30775952,7.362762301,4.97318293,9.710431558,6.016479573,4.99089283,7.170175746,6.77529033,7.091614455,5.428529886,5.428298253,7.568153272,3.309499891,5.179055068,6.3008789,6.044528198,3.37990328,3.81167991,10.67874219
BM_36_390,4.295038208,12.55653312,7.908344553,7.828200608,1.743820456,8.23303391,3.323076129,10.54876035,8.868329533,5.919895846,3.67425189,7.829095414,9.134723903,4.853390177,4.253321503,6.234822678,6.54599008,7.201706405,10.37946849,7.543917696,4.721883844,9.119915827,5.32133292,4.877180378,7.554359174,6.433187364,6.921449471,4.269372963,5.445819346,7.446358198,2.756294077,5.385560464,5.026118444,5.947449111,1.926038783,3.151752455,9.3228242
BM_36_335,3.927434134,12.72563783,7.725490467,7.833263441,-0.943324695,6.536830544,2.307854993,10.03566194,8.644023589,5.381147002,1.962382904,7.869750302,8.938877603,4.876371601,3.79401707,6.183864699,6.579351474,6.966341775,10.14799816,6.989658152,4.83606464,8.729597244,6.161521005,4.586688756,7.558817468,6.411027794,6.829549497,4.363102064,5.48901163,7.099733071,2.324588864,5.380761139,5.520846956,5.836914659,2.771041366,3.135443273,9.576633255
BM_36_304,4.512603069,13.2250159,7.429718651,8.167758291,-1.677093481,5.036802919,4.067398529,10.30807339,8.315532011,5.821242136,0.418106373,8.303683838,9.2512456,5.365103572,5.235049883,7.011319168,6.106623553,6.97470482,9.820054755,6.880951831,4.711447774,9.506775509,6.237055126,5.466918807,7.056254751,6.288432606,7.425308437,4.984492868,5.227368117,6.944721131,4.316713077,5.573092097,6.079725368,6.182542791,1.51271611,1.858495667,10.40572955
BM_36_338,4.37546021,13.48780585,7.424325014,8.323757935,1.662058483,8.116400568,3.09041038,10.62773783,8.352694184,6.243892529,2.93851686,8.340768754,8.859512803,5.573450972,5.247777075,7.279430031,5.615671465,6.850725142,9.917127656,7.042744079,3.899358628,8.982870872,5.890871528,5.579025967,7.082025971,6.432465872,7.140722538,5.143218594,5.013603206,7.090146296,4.297501537,5.506968481,6.190867051,6.250587434,2.052387414,3.310386048,10.21564083
hB_RNA_10382,4.305789217,13.30209304,7.179045463,8.132464585,2.920879171,8.766405713,2.950111371,10.40781543,8.006461701,5.614080903,5.654189551,8.193452066,8.689842714,4.713829058,4.71056651,6.697850353,5.862545877,7.081950304,9.648656312,6.675468766,4.609750925,8.912048556,6.933075153,4.608195811,6.799428142,6.062416285,6.863265759,4.662114733,5.177475252,6.418650151,3.233690871,5.007329032,6.04143347,5.578283514,2.676696149,3.019790563,10.41924262
BM_36_367,3.712162569,11.63888823,7.610260814,7.694537057,3.242620518,9.677217804,0.462850207,10.45603109,8.402048444,5.523943392,4.945263182,7.600605532,8.487866288,4.526769545,3.975815351,5.899843521,6.645104805,6.727506529,10.07884531,6.452326687,4.252119039,8.511730894,7.14204521,4.688542899,7.134302648,5.609952979,6.474885265,3.992155626,6.027055665,6.448032268,3.352741902,5.296318787,5.080938973,5.387141604,2.145988226,2.321193657,9.387386761
BM_36_492,4.746328526,14.11281967,7.479510874,8.096319101,1.956015175,7.868556174,5.449538644,10.66673846,8.557265572,6.646267572,3.146099049,8.997903123,9.141634138,5.551979108,5.431422564,7.523963895,5.388794502,7.03501428,9.848144186,7.571332471,5.112127793,9.629342063,5.259659545,5.634821636,7.246667548,6.734354743,7.525058791,6.013744621,4.748450041,6.800734374,4.240124966,5.514765207,7.316678586,6.511815002,2.712996784,2.853714046,10.92141251
BM_36_471,2.738131334,13.6122631,7.124632599,8.135672683,-0.696934119,4.088615318,1.134272747,10.67009414,8.380306478,5.524757884,0.791055507,7.07008155,7.921783164,4.234425913,4.261715358,6.123732051,5.922094511,6.287282464,9.624344354,5.688662944,4.119494747,7.486865782,6.782468537,4.070946125,6.823340801,4.720515784,6.664898638,5.199385588,5.181087838,5.321818761,4.567569129,5.22610114,6.754493443,4.775510549,2.25372064,2.708123424,9.176227013
BM_36_289,4.13633275,13.5342015,7.639617808,8.360715066,2.092713583,8.583466154,2.720040757,11.28499188,8.682514162,6.29136671,4.009997094,9.05037825,9.238385296,5.264411906,4.630964747,7.355437973,4.956714688,7.098158092,10.50585719,7.403727846,4.213075493,9.492342205,5.990438887,5.521087336,7.059307385,6.502811816,7.356477942,5.95132215,4.833301774,7.147628506,3.84426659,5.410689295,6.830485541,6.126615363,2.910185426,3.344532222,10.55249865
BM_36_314,3.35202094,11.68682478,7.612547344,7.697095349,0.703361677,6.664567678,1.949646376,11.08021526,8.46005858,5.229999294,2.423524131,7.640134865,8.625446265,4.35875332,3.531182462,6.145820688,6.679984863,6.481268991,10.35843545,6.470144294,4.400552662,8.145604015,7.201213543,4.655807395,7.275619536,5.597172846,6.285575757,3.573788946,5.961137728,6.702523497,2.975480281,5.324809211,5.037525767,5.61241768,2.620124171,2.460804182,9.32163633
BM_36_298,4.400206073,13.1271761,7.448862808,8.566732545,1.719811424,7.361040031,1.505628727,10.56499787,8.246975648,5.748900212,3.326638257,8.661893042,9.085297364,4.954916105,4.633197176,6.731682074,6.024792995,7.104274545,10.05019586,7.248369337,4.491554819,9.524758872,6.566852933,5.225992572,6.995903007,6.518760043,7.287652154,5.387274458,4.874485433,7.170794744,3.660149375,5.34141232,7.114298185,5.860281181,2.490382626,2.613531484,10.88267571
BM_36_499,3.414902652,12.07993412,7.651124233,7.715783151,1.596240518,7.689030337,2.375384632,10.680951,8.437386489,5.484327663,3.197616063,8.025336545,8.650780776,4.437854875,4.199086337,6.512092555,6.602476457,6.352829182,10.23923705,6.705101353,3.973755965,8.353575425,7.111356306,4.587369489,7.342671988,5.800272905,6.400640118,4.55484512,6.190250705,6.66520284,3.141072102,5.295036977,5.5981958,5.741740294,2.411048106,2.093555348,9.437338798
BM_36_440,4.531356247,13.46779069,7.539828147,8.417565822,0.075551323,5.727100795,2.470389988,9.952187088,8.335102722,5.783430412,1.982679202,8.370136916,9.052505623,4.916087142,4.846455358,7.056079848,6.204185725,7.458854275,10.07979472,7.029683512,4.914096545,9.312372921,6.391711652,5.278722734,7.250944948,6.571545311,7.349014515,4.958496409,5.044128163,7.481278145,3.215525087,5.181182684,6.165009128,6.102371298,2.680439489,3.642192359,9.971977017
BM_36_368,4.359611867,12.74373252,7.740810528,7.956621957,0.683150511,7.209829037,2.711322033,9.79800388,8.78419391,5.894821454,2.218951002,8.241453947,9.120673126,4.873680145,3.914779173,6.096999811,6.580252864,7.159866702,9.850065526,7.270035011,4.957170747,8.978685234,5.550182786,4.877846406,7.36947353,6.27212135,6.975558542,4.550661793,5.253238903,7.398470374,2.374199254,5.353190513,5.822929553,5.859924868,2.398469768,3.820734496,9.958441112
hB_RNA_10962,4.212704299,13.82718902,7.478330464,8.265876711,2.066626958,7.244414273,2.800866101,10.80255518,8.399921566,6.20916414,3.440950467,8.606469296,9.148117582,5.218885562,5.619457653,7.842973211,5.022505448,7.318762503,9.981427845,7.102297948,5.348718135,9.303098392,5.104540327,5.352539631,6.982039066,6.911181013,7.558400291,5.174562817,4.655751504,6.880813093,4.625547716,5.352303888,6.371580922,6.0766184,1.983605523,3.392322729,10.67426393
hB_RNA_10472,3.59996235,13.5602743,7.036522122,8.002285177,3.345541532,9.285854955,4.02417899,10.73412336,8.080081962,5.781536382,5.731552768,8.01281792,8.583221116,5.217415858,5.241270842,7.145440278,5.369506731,7.136197355,9.723308773,6.448868854,4.689730651,8.970306471,6.184428441,5.029290752,6.695795444,6.295325746,7.03864478,5.35132205,4.91111856,5.948500847,4.701723563,5.224971794,6.702407878,5.54408241,1.894567106,2.293332613,10.48902096
hB_RNA_10462,3.30505192,12.54442382,7.07245136,7.93615159,-0.084991038,6.063706333,0.940154187,10.53015652,7.950093467,5.399188331,3.020499823,7.678561024,8.260049374,4.242423994,4.297688658,6.304663421,6.225948708,6.565763242,9.758982554,6.140156678,3.806502842,8.427911557,7.794634242,4.430969186,6.556732882,5.481614353,6.749557577,4.37268324,5.838144442,6.057100099,3.872107801,5.200008603,5.551413789,5.046958354,3.199161903,3.133268767,9.542812252
BM_36_496,4.00473028,13.63769894,7.51806137,8.531030189,2.35548283,7.309740679,3.071298541,10.70685833,8.245701447,6.135521633,2.953337405,8.42434556,8.83303212,4.844681714,4.878248311,7.206895591,5.957358719,6.909361235,10.150081,6.997787444,4.732879256,9.568973375,5.63795101,5.098021197,7.127223624,6.185190473,7.171844505,5.145967058,5.128746364,6.898000978,4.121131895,5.415715313,6.268489542,5.93718222,2.364859176,3.399336542,10.69131175
BM_36_493,3.622648523,13.33941551,7.660120781,7.580205013,0.783319565,6.873727713,1.339978512,9.985695532,8.550127955,5.501098656,2.428508684,7.958098953,8.887300553,4.914506721,3.262915781,6.165631572,6.206199214,6.611190868,10.0274411,6.944188235,4.863812939,8.161080755,6.445315254,4.883010072,7.379454436,6.013982395,6.646532242,4.54673284,5.50359141,6.486453915,2.611672907,5.394020327,5.740896515,6.126904562,2.852018958,2.974696604,9.515124584
BM_36_543,3.378051792,12.55825101,7.485768028,7.797571261,3.53599113,8.952922812,1.484191645,10.12919112,8.00530169,5.408340876,5.830133022,7.604808384,8.492777568,4.073583701,4.536035262,6.574773932,6.098570086,6.309775563,10.03831017,6.341451112,3.282661259,7.484320215,6.289562165,4.625797506,6.944427745,5.775887433,6.765760435,4.794908296,6.237961625,6.219946604,3.742838182,5.503721835,5.849156163,5.285832376,2.675347488,3.013297102,9.110637935
BM_36_383,4.693938779,12.73416076,7.500951102,8.461720192,0.705704341,6.208214892,3.496987698,10.4509776,8.495054647,6.061198379,1.073576064,9.153497636,9.388069054,5.017288781,4.607415071,6.380483601,5.887982409,7.311590359,10.03000077,7.32443067,4.73259156,9.769830304,5.94128556,5.066031787,7.037147741,6.856054677,7.682584761,5.368833089,4.976082547,7.473522897,3.053681378,5.143144637,6.364503611,6.15590089,3.496698546,3.805089957,10.92749534
BM_36_420,4.204902495,13.00563003,7.485355685,7.951627216,2.633004794,8.055183424,1.428553624,10.99010743,8.461956724,5.313262968,3.628011821,8.478492418,9.41324272,5.331933986,4.840478331,6.462539818,5.524139224,7.163289941,10.32567304,7.146212374,3.995133792,9.066792912,6.346188633,4.857926228,6.863910178,6.504810794,7.412654083,4.915376541,5.583365306,7.219969526,3.623643083,5.33339131,6.4038605,5.821733599,3.54829772,3.48064711,9.966818296
BM_36_302,4.383531361,14.17755003,7.425112204,8.487932788,4.138560746,10.63866937,5.352491917,9.302459276,8.491419829,6.21992556,6.202390707,8.602783401,9.258773875,5.482595714,4.990581319,6.858447301,5.610946974,7.297867574,9.591251704,7.36178836,4.705467622,9.726800718,6.209933101,5.37062256,7.371014099,6.597240556,7.219999687,5.572545719,4.741579973,7.682617756,3.965198835,5.428143168,6.817475125,6.544730121,2.540878808,3.551776368,10.62922868
BM_36_369,4.103061121,12.7377316,7.598550696,8.097414282,3.546831868,9.09827336,3.988307158,10.81263134,8.357960622,5.819837841,5.450160244,8.161531422,8.769806666,4.946829871,5.07015829,6.801924473,6.430871136,6.691091745,10.20839807,6.820365154,4.408018067,9.008741769,6.955185346,5.043512531,7.058507952,6.218596076,7.037563551,5.215577546,5.547584782,7.259171187,3.538860587,5.196768444,5.88069063,5.710118652,1.952495243,4.054006691,10.43362449
hB_RNA_10662,4.082933433,13.20916379,7.461403651,7.905229732,0.904516727,6.839566191,3.337280782,10.37101283,8.481641639,5.962328972,3.003309486,8.055563438,9.114668047,5.24373474,5.496239707,6.882645614,5.371086727,7.030686037,10.01808737,7.328351011,4.718975566,9.523809843,5.648517984,5.461764885,7.208253746,6.716974457,7.122471592,5.26485011,5.184640362,7.248132376,3.981956804,5.011057793,5.969661082,6.101000555,1.658735683,3.619306062,10.21953849
BM_36_336,4.437283458,12.73458824,7.502282382,7.664479675,2.888603265,9.060342579,3.505206715,11.23852434,8.639081936,5.792442684,4.255632214,8.462339768,9.226318514,5.364958233,3.987868911,6.242107361,5.479909829,7.483766299,10.10395858,7.472513111,4.292540316,9.192684004,6.866452902,5.071501965,7.088951311,6.397074158,7.141030715,5.086042733,5.587313655,7.239487401,3.102221884,5.481573153,5.96920982,6.15104468,3.220959923,2.722709477,10.26940957
hB_RNA_12292,3.78939385,12.12867129,7.383586432,7.902815004,0.948490349,7.28088515,1.059298212,10.97470592,8.331406946,5.701392292,2.929900013,7.914913887,8.562207481,4.361854356,4.61308855,6.688579779,6.425827787,6.319674854,10.18764438,6.573261551,4.42226692,8.445882822,6.610400298,4.715675261,6.943385169,6.048026928,6.732906446,4.50662533,5.276427623,6.794062702,3.200871001,5.269653066,5.606200554,5.544889829,3.207347966,2.871580199,9.253408107
BM_36_505,3.961498491,12.83722257,7.484255512,8.336869988,1.987809218,7.29862314,2.598143123,10.47361721,8.256517494,5.763421562,4.057911695,8.649466041,8.912786501,4.58507163,4.830064491,6.743821197,6.350963808,6.731843515,9.990938806,6.958346647,4.468197214,9.055914217,6.638292315,4.935643536,7.102516917,6.480946898,7.016086874,5.058547252,4.873140249,6.959039743,3.067605434,5.399261249,5.953879864,5.871070716,2.555880926,3.308169371,10.33253106
BM_36_349,4.103610371,11.94364132,7.543916634,7.753899226,0.763739002,7.243445463,1.846490103,11.4951976,8.498404715,5.711781673,2.592359549,7.200722512,9.013795424,5.320261573,4.77162753,6.727680914,6.007806483,7.178203258,10.56360788,7.206906737,3.98747729,9.205591534,6.770106859,5.270849406,7.22255861,6.227632495,6.906478154,4.727331813,5.636494269,7.085412399,3.33870214,5.248663699,5.356832714,6.317370966,2.31893072,3.49754535,9.641353382
BM_36_372,4.426772534,13.24045237,7.652945653,7.685151625,2.438331746,8.99415603,2.818788192,10.73121758,8.636995379,5.952035088,4.682232965,8.539208881,9.245445569,5.019287187,4.224279069,6.246184206,5.949475408,7.168067044,10.21248494,7.315101605,4.687827964,9.391656042,6.614455086,5.389517753,7.288747365,6.45730377,6.891084885,5.410193829,5.427447951,7.366286159,3.287289544,5.411939253,6.40551286,6.109922136,2.997871129,2.992698944,9.941120165
BM_36_507,5.183979963,14.34548843,7.527024895,8.642897528,2.270470116,7.957625101,3.49146716,9.682331367,8.570330686,6.449939161,3.848466206,9.141072248,9.20050909,5.474683967,5.022013627,6.850861914,5.339263157,7.465893172,9.431380762,7.153713429,5.624546166,9.569884479,5.615332674,5.428146798,6.986745888,6.473143271,7.197691864,5.392641295,4.531591982,7.236535693,4.719965955,5.606253656,6.866603303,6.342634994,2.458738475,2.854428688,10.85570232
BM_36_348,4.137342787,13.39920194,7.471264922,8.496951333,2.680950008,8.554873186,2.534712575,10.86011843,8.244660923,5.81427983,4.332322896,7.933045812,9.062449718,4.905129898,4.586995827,6.970646213,6.170887045,7.227063269,10.15022864,6.912675037,4.773867751,9.096837908,6.164539962,5.174903647,7.057574929,6.387898459,7.086733632,4.9305648,5.158411953,7.227717447,4.10174061,5.398259692,6.045799748,5.854026944,2.885127756,3.996766571,10.26320281
BM_36_537,4.074377724,12.91776642,7.529863954,7.95455429,0.961385484,6.698102804,2.49092087,10.51339747,8.556268562,5.624179896,2.933743878,8.621443833,9.023088556,4.616825744,4.04632959,6.319212842,6.319560135,7.065439563,10.19697836,6.924390184,4.965365304,9.399800095,6.764546623,4.937582693,7.217761299,6.024710002,6.833156645,4.714640582,5.668501053,6.938942403,3.348254003,5.34685982,6.051614752,5.50194656,2.133783587,3.084001023,10.34440531
BM_36_347,3.7201054,12.59407792,7.566319991,7.597217108,2.966071369,8.866967914,0.914629178,10.58045522,8.316724406,5.298347584,3.476797971,7.350514964,8.777487221,4.578674211,3.570135855,6.243928484,6.800257156,6.788722309,10.17429499,6.679502363,4.133502156,8.49372528,7.109812902,4.859238673,7.421594407,5.723956975,6.919026936,4.243986685,5.729303474,6.730352086,2.412540582,5.394946316,5.309708622,5.955740044,2.654536934,2.171272597,9.226435315
BM_36_384,4.114148423,13.02844216,7.339013019,7.902771981,3.467084497,9.316188495,1.902572833,11.33633328,8.390863419,5.764217813,5.475797472,8.262101162,9.136819108,4.716861103,4.325465386,6.990735663,5.726037956,7.525696832,10.32055526,7.142675188,4.184017185,9.311311106,7.413784059,5.289595512,6.889264624,6.2593459,7.011740624,4.781319303,5.904563605,7.008475899,3.700752836,5.194511314,5.67934641,5.915407087,3.146021936,3.177531913,10.29386582
hB_RNA_10567,4.495400418,14.09996189,7.544685147,8.574616548,-0.10335158,6.245849655,3.869513309,10.21160106,8.334517385,6.3640659,2.228079546,9.067172794,9.112494271,5.255310065,5.718837169,7.613117497,5.241979042,7.142619434,9.833910967,6.891187483,5.648770737,9.559698341,4.680488665,5.657353479,7.072181935,6.688678546,7.242979772,5.478640874,4.966363028,7.034016256,5.031321556,5.335020415,6.778414938,6.287939464,1.734738239,3.430392742,11.10361588
hB_RNA_10642,4.037177918,13.56772547,7.489272477,8.139248189,-0.06029224,6.207814316,2.507537958,10.52335309,8.390506814,6.095574232,1.207909676,8.271408589,9.017458662,5.356000937,5.15515012,6.930773676,5.821596522,6.907718244,9.907078362,7.024350814,4.897135227,9.08934952,5.478435373,5.644113431,7.181915774,6.384107388,7.102600089,4.870599682,5.468307473,7.142603459,4.880221367,5.071521301,6.601969032,6.408354119,1.448070199,2.535923335,10.25908753
BM_36_534,3.905596704,12.26252705,7.528373714,7.684901183,0.610402508,5.345174638,1.333949546,11.12862772,8.378554285,5.616875917,2.10174857,7.692455923,8.753712218,4.507263013,4.545013064,6.499373089,6.224216814,6.799761473,10.23106114,6.661739526,4.274032474,9.038887303,7.048939973,4.622306852,7.354308201,5.838823466,6.489282295,4.446319783,5.59722683,6.666676591,3.061847894,5.052947607,5.712717515,5.491395833,1.650893791,2.973413157,9.68885827
BM_36_495,4.540191087,13.35043232,7.407079827,8.427871085,2.29283279,7.726734516,3.20256723,10.50138187,8.428634751,5.953994432,4.535729532,8.762183793,8.919815338,5.05244974,5.144408365,6.976675046,5.891407015,7.134008358,9.905099636,7.098151652,4.849306328,9.390836096,6.217356673,5.287034603,7.094382084,6.474923663,7.532597451,5.347160635,4.803508478,7.127870809,3.884734454,5.359828394,6.610753245,6.208447191,3.862640781,3.146278549,10.85728432
BM_36_328,3.823846089,12.79293823,7.718751803,7.28575239,-0.011426615,6.2911669,1.059761142,10.12186958,8.645349379,5.558009295,1.338297726,7.829881818,8.54733117,4.997609003,3.295730336,5.654439988,6.109198774,6.33932821,10.07445437,6.652001212,4.521373756,8.231420718,5.725591219,4.347083683,7.150334534,5.772706528,6.450339378,4.894935805,5.424803998,6.576249929,2.753852011,5.317971581,6.117421212,5.999422416,2.260971573,2.781786906,9.242017838
hB_RNA_10672,3.953903055,12.74741128,7.499511769,8.093243726,0.328677771,6.732221433,2.360261259,10.78848417,8.529049567,6.074325561,2.522753342,8.230276037,8.930351744,5.151841948,5.527191159,7.25812746,5.794530027,6.891407372,9.962329129,7.181502153,4.668817922,9.297207472,6.067101894,5.423225705,7.225725507,6.434405443,7.231118073,5.027690972,5.139231801,7.286496573,4.333593124,5.238784861,5.879688089,6.052954945,1.171864201,3.387416726,9.983669292
BM_36_502,3.742106336,11.47691079,7.655798357,7.525903279,0.399590511,6.747023161,1.974244051,10.35655584,8.49116691,5.401925115,2.631231337,7.775402883,8.714656626,4.914116781,4.62829031,6.570576755,6.591669459,6.711594019,10.24604713,6.834534251,4.128600779,8.791492447,6.753985753,4.92605825,7.34515814,5.706013469,6.561785878,4.628551195,5.90721239,6.848588255,3.008387852,5.567430974,5.227166158,5.759405646,2.548939757,2.633241856,9.334774854
BM_36_533,3.456422677,12.36238968,7.707788699,7.790116122,0.795462874,6.393457646,4.279980475,10.7605552,8.624921585,5.81326176,2.845196591,7.966302722,8.903160234,4.767991043,4.747760975,6.899532064,6.256401566,6.675806808,10.22239015,7.339763051,4.428995525,8.847077333,6.28341994,5.275909084,7.4486334,5.630892496,6.78631782,5.443285347,6.020087327,6.970657586,3.750439828,5.058704909,6.303049538,6.164350031,2.458462327,2.380585201,9.374049385
BM_36_387,4.498797696,13.68704151,7.450396976,8.250365809,0.429912838,5.999501977,2.961547155,10.93889503,8.406035109,5.972061263,1.837878678,8.607611588,8.909023474,5.071840515,4.532939803,6.631441101,5.776156402,7.104023845,10.12305069,7.283782487,4.702017816,9.576213481,5.714162874,5.235701389,6.949801314,6.604579166,6.959167695,5.724823774,4.981088883,6.847738523,3.800494932,5.152806942,6.59577777,5.991606443,2.947266407,3.564601109,10.80598593
BM_36_472,3.421682222,12.29049203,7.293438052,7.948642034,1.695421824,7.284650322,0.500708452,10.83966794,8.065918008,5.591000212,3.75932859,6.591323117,8.645518183,4.308080964,4.277361704,6.748581573,6.640373195,6.820206966,10.03642155,6.204178294,3.716068382,8.197848316,8.067418762,4.72494976,7.108070905,5.799957557,6.294935559,3.878508382,6.269939617,6.120675171,3.345313683,5.222730784,5.093204276,5.41604855,3.262219381,2.899351773,9.759399176
BM_36_544,3.639322884,12.60051024,7.478249175,8.129688998,0.695660541,6.805313437,2.031358764,10.98843209,8.452931622,5.775429909,3.428026729,8.181224287,8.598456287,4.200029669,4.840298309,6.860511446,6.304013696,6.65848304,10.13283222,6.492256683,4.377422617,8.780941479,6.49301787,4.599914888,6.893424444,5.976530798,6.719148968,4.821184759,5.384421994,6.614822565,3.84144444,5.260161723,5.621455707,5.560790076,2.311886876,3.575664493,9.901743984
hB_RNA_10542,4.282081225,13.45879117,7.478490629,7.975431882,2.167416109,8.192581987,3.25708531,10.75293682,8.508620328,5.924310889,4.616863185,8.420699672,8.839730717,5.357632335,4.33994968,6.702784782,4.524641102,6.901781807,9.976722403,7.151019887,4.317185931,8.818378725,5.306882983,5.226351889,7.211904795,6.168789867,6.872290937,5.43981791,5.175278869,6.790969595,3.742047359,5.223596099,6.467028854,6.450691246,3.419650565,3.43255307,10.4656298
BM_36_296,5.316863342,13.81705658,7.447832005,8.662950323,2.939629938,8.702855196,2.838446731,10.98959892,8.439288773,6.438045169,4.216657384,9.096302696,9.35630868,5.631186941,5.45048515,7.240271066,5.108907712,7.723749922,10.13770402,7.53564574,5.197319391,9.723907071,5.350481871,5.977124609,6.982643621,6.899605341,7.704931771,5.708194384,4.149924483,7.55278068,4.429344945,5.228189354,7.020895315,6.543803377,2.382002313,4.166154443,11.18583762
BM_36_539,4.0462224,12.76214187,7.357470837,7.893323097,1.268122435,7.230147949,2.630450082,11.20509484,8.228499898,5.92641368,3.396860683,7.950135996,8.94805641,4.901623046,4.842796191,7.164220056,5.938702845,7.208342097,10.09018505,6.991107674,4.136257281,9.220001433,6.860620198,5.057235931,7.082802616,6.129738568,7.061834743,4.772855495,5.536512307,7.050310587,4.07596225,5.405909351,5.70894079,6.324705213,2.764326268,3.163463396,10.03773537
BM_36_425,4.322376215,13.10694581,7.499044612,8.500137754,0.899309758,6.043092549,2.216700976,10.62291663,8.17652466,5.810569606,2.2756702,8.245273947,9.041029506,4.991468535,4.942579844,6.947946212,6.245994359,7.040360799,10.03734251,7.183439815,4.726280337,8.973558639,6.833260677,4.896728614,7.021355671,6.629291467,7.323114514,4.880214397,4.864434497,7.210595838,3.436168874,5.293375284,5.914993895,6.069050316,2.420549422,3.375679891,9.896051118
BM_36_382,4.278870057,13.0633324,7.635323579,8.10968113,1.516221507,7.603361118,4.32572151,10.27520366,8.434001737,6.053434253,3.19957532,8.118033526,9.264800261,5.3568517,6.058144771,7.427603201,6.284594185,6.976239025,10.07748084,7.167183815,3.994131222,9.381061524,6.916856828,6.080903531,7.616956928,6.433128016,7.47171839,5.423657312,5.705238075,6.944177486,4.444447029,5.41234571,6.289306757,6.656499518,2.933215245,1.881697467,9.890559634
BM_36_509,3.482941315,12.75336798,7.802492429,7.518998034,0.306808472,6.553341772,2.465172821,10.31801933,8.667293029,5.597280032,1.714214384,7.94649997,8.843223644,4.802721431,4.179698327,6.502173088,6.556913844,6.574153209,10.28467017,6.8277267,4.345668825,8.631163719,6.412175075,4.823350222,7.350374726,5.678798507,6.456267522,4.675877551,5.875392611,6.72737308,2.69056734,5.435851866,5.760301091,5.839399434,2.546891006,2.232866463,9.421690898
BM_36_435,3.76243934,12.72288995,7.650913875,7.594950402,1.184528182,7.457539485,1.154078245,10.54806026,8.557372034,5.587767515,3.063667184,7.510383794,8.828802955,4.605987712,4.172846828,6.509804862,6.762378704,6.693111445,10.15839281,6.657542056,4.570915563,8.706301167,7.005428028,4.853500832,7.213619762,5.782205879,6.711566932,4.131758633,6.074292697,6.619818061,2.850709468,5.119413449,5.344147056,5.772035226,2.525159078,2.57880548,9.309473512
BM_36_371,3.862107866,11.06453751,7.518455664,7.828273582,2.688962718,8.92782912,1.531400334,10.86549325,8.340644963,5.580275592,4.169420054,7.865460821,8.86569683,4.502070544,4.552107125,6.751925759,6.420700969,6.613322961,10.13055906,6.675648115,4.368777883,8.432367301,8.111951143,4.887908924,7.106859185,5.802110508,6.897573971,4.363032225,6.514814701,6.819688718,2.867431104,5.261140036,5.364137849,5.537624514,3.343421926,2.723644409,9.451387106
BM_36_491,4.911773131,13.27149074,7.316213318,8.011640741,-0.748873782,3.920915902,3.930156894,10.54945213,8.460953019,6.218757085,1.325437183,8.814318494,9.373880398,5.332005431,4.305586605,6.771070614,5.529548332,7.456013676,9.6524914,7.292230935,5.882478398,9.410018866,5.622185688,5.059672475,6.722280367,6.479740228,7.327190705,5.241284698,4.979985987,7.050871161,3.009881866,5.337932733,6.377965902,6.218845192,4.225652974,3.581141119,10.60834028
BM_36_329,2.998164465,11.44571604,7.647947775,7.857069198,0.985947666,6.276814032,2.800639285,11.59252895,8.355508122,5.471845532,1.2847081,8.054440051,9.015968354,5.040502911,4.81526185,6.680015056,6.220021514,6.86793834,10.62663026,7.290083591,3.699749044,9.297523494,6.267384751,5.262860245,7.364744231,6.206827653,6.863284374,4.682430914,5.36709476,7.373291929,4.097708896,5.448872007,5.88902321,6.41991711,1.088913335,3.345764305,9.548814569
BM_36_483,3.745729752,11.8877313,7.633467696,7.590173259,-0.312439808,6.527582719,2.929385935,10.81159227,8.627910692,5.632345221,2.532955277,7.509671865,8.917741653,4.722026246,4.2783132,6.856359209,6.369881188,6.903710443,10.38553849,6.883800321,4.10928177,8.826300318,7.351139304,5.021005049,7.417533177,6.017264735,6.742490323,4.27770024,5.934809229,7.027568144,3.000957783,5.218238291,5.246231776,5.929731657,2.635348089,2.793285169,9.113948285
BM_36_455,4.70985991,13.42176033,7.460543647,8.413056832,1.47855714,6.694495092,2.840029803,10.05770841,8.285785624,5.718173136,2.794208206,8.520193151,9.226430407,5.020083562,4.597233351,6.742329543,5.84238211,7.491969345,9.881987089,7.118843045,4.731045587,9.218365922,6.109731556,5.424834577,7.072771613,6.741462691,7.338710183,5.428048073,5.151669845,7.20085641,3.426959961,5.227216548,6.375277568,5.856302275,3.371423281,3.595779048,10.36209266
BM_36_305,4.401210898,14.03659974,7.241834888,7.950441832,2.463417239,8.355801989,3.274221188,9.745020929,8.371120718,5.877743637,4.176349214,8.134088823,8.98020639,5.031231381,4.321064131,6.715508719,6.152755924,6.997390843,9.716339567,6.91285465,4.602839114,8.482111023,6.068467024,5.340927464,7.211529702,6.718404445,7.519970611,5.627270614,5.168566092,6.879340596,3.745376517,5.369094538,6.364574331,6.200540084,3.913356453,2.520507819,10.07162131
BM_36_432,3.876713874,11.74354887,7.697129444,7.632607182,1.358525664,7.911145179,2.360093635,10.92569845,8.535614174,5.595258759,3.425701309,7.830153597,8.962989326,4.93170931,4.487487055,6.555441855,6.462190723,6.869296278,10.36651194,6.899581117,4.07250685,8.947044678,7.112776219,5.074263786,7.460184204,6.110194267,6.82272811,4.153688212,5.7980716,6.943772055,2.651817375,5.294795342,4.957126829,5.810997313,2.338633922,2.777175098,9.275043748
BM_36_485,3.424455009,12.68327525,7.380413191,7.522469773,2.255820343,8.277840169,2.955355005,11.11007308,8.359790583,5.537677191,2.45659749,7.708618264,8.831396397,4.583418793,3.723330573,6.380940466,6.800132023,6.700509017,10.15858668,6.919020146,3.870802374,8.186341646,7.752380628,4.71720866,7.271419266,5.886692295,6.447359913,5.312782146,6.714339954,6.29214356,3.976523995,5.244430037,6.010670968,6.174152601,3.914863693,1.908472602,9.37340606
BM_36_466,3.687193768,12.03824459,7.485972543,7.991108924,0.424964348,5.71752612,2.006530126,10.49474327,8.20043232,5.403091669,2.079388012,7.821104716,8.63230159,4.39388461,4.281843421,6.524199552,6.707277261,6.553969332,10.2089967,6.461372071,4.214740081,8.629733634,6.978829468,4.565032058,7.188387463,5.938104786,6.637684518,4.497293592,5.789374555,6.953364489,3.521776668,5.321793038,5.222739484,5.38942351,2.885484552,3.254072314,9.530228786
hB_RNA_10492,2.963024286,11.56704005,7.495764669,7.588639929,1.17842883,6.87123579,1.98905155,10.43522363,8.397882747,5.107865321,2.976928052,7.504360035,8.512291401,4.409367266,4.442207868,6.432131114,6.603531951,6.316720443,10.14596561,6.367909675,4.338410003,8.21757054,7.288951161,4.471683909,7.260158377,6.001459713,6.524509027,4.247391818,5.766252967,6.466371579,3.447858035,5.105463155,5.053064223,5.484700577,2.621545805,3.307138251,9.318636658
BM_36_341,3.108255205,12.09324282,7.615223507,7.807331262,1.46390177,8.610833148,1.636972701,10.42279487,8.35261877,5.346249091,3.832700949,7.4997997,8.645113581,4.146070813,4.44173693,6.605686951,6.986283914,6.360588416,10.32743484,6.416976259,4.131552213,8.133475412,7.184369598,4.173413315,7.499994434,5.713563887,5.905965881,4.186092019,6.262974242,6.352168192,2.951915581,5.24573156,5.054385508,5.644953219,2.554210722,2.729588947,8.944391562
BM_36_467,3.533739987,12.49048291,7.426913236,8.068917689,2.009328342,7.439219984,2.730610344,11.07917474,8.202861564,5.553911641,4.214979081,7.723515083,8.696609331,4.683538815,6.148694837,7.618251671,6.429602809,6.319446747,10.25346004,6.44490626,3.416384246,8.651297771,7.647834486,5.441008417,7.161674351,6.018179935,7.15784581,4.736568141,5.38940972,6.87928878,4.480934775,5.176503387,5.630889397,6.163250411,1.882883473,2.408856341,9.092340192
BM_36_515,4.075597867,12.4545198,7.621184361,7.684954992,0.799297425,6.501580231,2.04694248,10.51958799,8.470498669,5.830280689,1.843709054,7.864559671,8.812240746,4.592476981,4.666789583,6.783738681,6.412651006,6.870327308,10.30547865,6.724006858,4.26796335,8.583749082,7.098435201,4.991496043,7.202268657,6.310286296,6.643774569,4.460646664,5.699585927,7.02438075,2.868053889,5.284347972,5.424953835,5.807779709,2.389756148,2.868031865,9.349272906
hB_RNA_10632,4.156982826,13.49955419,7.575550817,8.179519472,3.310337078,9.427730721,5.326172131,10.66516301,8.511048121,6.172488976,5.257103313,8.56141786,8.862063818,5.54280174,5.34988897,6.919841157,5.14158242,6.795944318,9.872376206,7.14747166,5.152212496,9.284496578,4.234711945,5.412084534,7.09772438,6.511335727,7.053210457,5.592118192,5.099676466,6.755092151,4.518761145,5.114276039,6.861628251,6.236756381,1.274968966,2.626766307,10.68281519
BM_36_327,2.877166847,11.40033776,7.344524877,7.162403048,-0.612884371,5.863400492,2.492021951,10.89631772,8.256635332,4.933449144,1.25967497,7.155163665,8.541444232,4.19311913,2.35947369,6.172562579,6.515876635,6.372868009,10.21680155,6.440484501,2.993015285,7.081385413,8.033586862,4.492214093,7.095623655,4.811458717,6.318790749,4.470638702,6.609999815,5.547459689,2.715078679,5.64530589,5.974526706,5.714373188,3.803940918,2.34618371,8.394092471
BM_36_417,3.472059568,11.63524598,7.574463644,7.833345369,0.724286633,7.159320118,2.010744759,10.66694706,8.50264767,5.305683049,3.591927395,7.509943859,8.85488168,4.817327055,5.573898967,7.324308057,6.799731842,6.511728975,10.226427,6.599754017,4.049182094,8.026577938,7.604298028,4.702177569,7.44660327,6.206184856,6.785181762,4.346884044,5.522211629,6.690086326,2.561324043,5.465331642,5.422030045,5.854493673,2.936046466,3.466363511,9.316841655
