5.204892048907084900e-01,-9.309117039318353104e-01
-1.018371611345221528e-03,-1.108174161449479334e+00
-8.335627331125012862e-01,5.574474696347356817e-01
-8.157321914341048030e-02,1.013500822691906889e+00
-9.687716049392879336e-01,-9.540520109464691034e-02
-8.703865346514183532e-01,6.046249331928945647e-01
1.908438751610813944e-01,-1.024560121850832894e+00
-3.494225533127843231e-01,8.637605188044547022e-01
-9.209051105606722576e-01,1.283431984578309315e-01
-9.107123793276178381e-01,-4.965225624394051240e-01
6.306558318110002670e-01,-4.152197198822838997e-01
-1.051525122871819651e+00,5.369687962644668217e-02
-1.294619514707393559e-01,1.002254632861239170e+00
1.416120108796218580e-01,-9.496724186248000077e-01
-5.604618881269163300e-01,-6.391267588797830967e-01
1.845814777529654338e-01,1.175021924833115072e+00
1.029954037022754232e+00,-7.544844405824048250e-01
1.015020708907103275e+00,-1.868612325834593246e-01
3.320441744880728852e-01,-9.847494590875727205e-01
7.305129831935357476e-01,-6.216396327569095881e-01
-3.703429489992404733e-01,1.013990334415920014e+00
-1.558557444803899406e-01,-1.034493047972388613e+00
8.467503890773574460e-01,-5.604626861995787301e-01
-5.157585855255819585e-01,-7.074253347834126293e-01
-9.436237287424960041e-01,1.379943723862335769e-01
9.026208924419786284e-01,4.935904904255098979e-01
-9.871104411597007022e-01,3.249260643040887131e-01
-8.419127091166761501e-01,-6.371913802744565425e-01
8.250486884328643855e-01,-3.546042450912133548e-01
1.075167664919118860e+00,-1.255333319349752064e-01
-9.772373645275562737e-01,1.546238212376890298e-01
7.392455716252225306e-01,-6.561687819133780186e-01
1.564439867160527520e-01,9.672906080592568179e-01
3.801627234578429659e-01,-8.631803113445614128e-01
-7.476125209665254179e-01,-2.687753363769128656e-01
9.329441623961788332e-01,6.331132251669015221e-02
-3.398281713247714997e-01,-9.095932286215889784e-01
-8.416984674836908153e-01,6.702281132540101050e-01
4.481097191781947542e-01,-9.615167941625739623e-01
-6.571300934325827736e-01,-9.603824842716242038e-01
9.433047246610177794e-01,-3.997108675365027702e-02
-1.087233210332528399e+00,7.563016706561601077e-02
6.788986601654750652e-01,-6.044212979328464908e-01
1.789130258366152526e-01,8.216652801884094526e-01
-5.398907328699241726e-01,8.108506341436262366e-01
6.380943989976231023e-01,-6.088368803928051465e-01
2.057090996175321429e-01,8.916254182052181232e-01
-1.037745864027142639e+00,-5.991582530641411664e-01
7.398162244317380010e-02,1.042048531618995799e+00
9.195518729963469973e-01,-2.695292042868817628e-01
4.822000921789357797e-01,-8.398993447851572647e-01
-9.663289381306180426e-01,1.955104067040881743e-01
1.014765046781137547e+00,5.287426660644309884e-01
-3.599989052841768844e-01,9.199247649029996809e-01
-9.186276205825754104e-01,9.078040011414628685e-02
8.856803892276567947e-01,-2.598213938959425540e-01
7.139794023242329590e-01,6.310303533862507974e-01
-1.019946439728057763e+00,-3.400152579514941764e-01
-5.334972624483620418e-01,-9.278486029838649563e-01
-8.456070404403346341e-01,-3.043133743929232193e-01
4.537176495572539103e-01,-1.056562173447538777e+00
-8.250509900986500167e-01,-4.441090205452590256e-01
9.046631838146125260e-01,-1.612203702283075413e-01
-6.997526114334347014e-01,-6.531995846993469135e-01
-8.340742390817863505e-01,-4.899353833834067529e-01
-1.226008268788708389e+00,5.156040005228139655e-01
-7.542117232052547582e-01,-5.360068274815459333e-01
-7.669372409940907742e-01,7.204413524719078810e-01
-8.661957543571153773e-01,-4.330017264398601795e-01
-2.627140880592719330e-01,9.807356134886731081e-01
4.785290100486050413e-01,1.041281595645799030e+00
2.573713229443361783e-01,1.046168313971164165e+00
-7.275207588393023395e-01,-5.751282334841690824e-01
-5.424211946969723641e-01,-7.844989880373554048e-01
-9.434449909489471819e-01,1.006755827817780446e-01
8.387605493691042691e-01,4.916474787527270740e-01
5.050823128344794632e-02,-1.260197459142600840e+00
7.589616887201094952e-01,-5.546141061037048736e-01
9.927871792623046421e-01,-6.391148228578387158e-01
5.770241204722201811e-01,-8.116687683849984625e-01
8.168759153905226222e-01,-7.616214554039857365e-01
9.462312344035203049e-01,-4.547131014615973243e-01
-9.354370173833636004e-01,1.564672453692506071e-02
-7.679472467391914581e-01,5.358022389137150343e-01
-2.713269226417535651e-01,-9.654556480712680466e-01
-9.003542406890795158e-02,8.850028217235214045e-01
4.424163894752302650e-01,-1.008807430864571364e+00
5.966150744683814677e-01,-7.393871434081290550e-01
7.242094131658353140e-01,-7.329161039521653320e-01
-7.690259222265165562e-01,-6.436788298542874820e-01
8.576059590250943998e-01,-3.355243338870378400e-01
-8.213105371477209538e-01,-4.375191643188491297e-01
-1.020398788465096018e+00,2.145589832832276167e-01
-6.113340648627042517e-01,-9.417149374927619165e-01
1.140298551529830506e+00,-3.643801460499865308e-02
9.422199565601574456e-01,-6.121570025870064491e-01
2.137068974805123311e-01,-9.384458847105892065e-01
8.909457922935850593e-01,4.418235259874093712e-01
-9.822521538740124347e-01,-8.516439176844710079e-01
-1.083132142037276591e+00,2.489782040065985913e-01
-7.840212576242185927e-01,-8.672974654622802593e-01
4.861989027308611933e-01,-8.741583777631718455e-01
1.856443427903106680e-02,1.067492682303452955e+00
-2.645137385473004810e-01,-1.068668892224848177e+00
7.498438830116790355e-01,5.215003828340143421e-01
4.008597675800557036e-02,9.404044986136409490e-01
1.818170865794279112e-01,-1.174052134399595992e+00
-4.351410248671477299e-01,8.991996382202587235e-01
4.376383482906908151e-01,-9.858899845094190040e-01
8.556160870110546268e-01,6.146667655396329533e-01
6.973087711945156197e-01,8.603597950006343087e-01
-3.369173526202471347e-01,-1.032766777803823643e+00
8.814126714506683724e-01,4.058071349702501163e-01
-9.094743060010793689e-01,-5.614174519611367931e-01
7.407915070565166404e-01,-6.739623080802525923e-01
-1.035769745980861467e+00,-3.675156644785787519e-01
-4.830856349759278245e-01,-9.901955604389739429e-01
1.028301626376618483e+00,1.587226863757621731e-01
-6.356158330736072504e-01,-7.122457846399579129e-01
-8.284191418260186124e-01,-5.031793791968726115e-01
-8.945773557022400624e-01,-4.201111310073812888e-01
-7.716665978810089976e-01,6.709833177415081007e-01
-5.269626710343436882e-01,8.505288384286087133e-01
1.043922143483873244e+00,-2.489023985475709577e-01
8.453392870914844259e-01,2.715411731102219672e-01
9.071310699439203429e-01,1.345166784216604572e-01
1.048867738158054452e+00,-1.255381329263051127e-01
2.874661527716205200e-01,8.359420497756202550e-01
7.840093785122085324e-01,8.649311369587937559e-01
2.497901524919026173e-01,8.782669728914915819e-01
2.276644149051882393e-01,-1.089113151804361967e+00
8.647149843171069161e-01,-3.540880975054453983e-01
7.126561247696494572e-01,1.995187070189680667e-01
-8.753874215820992566e-01,2.707267069220066213e-01
7.487844755269006392e-01,5.493383590962641616e-01
-1.178682786231549651e-01,9.597310562984967541e-01
1.207882015121588826e-01,9.960477550738926489e-01
-5.832353060660173671e-01,-8.482978725935303999e-01
-5.044885401786337598e-01,7.945819507699182216e-01
3.783247165899834008e-01,1.047941810413824060e+00
-9.580583406687662729e-01,1.040803822262861694e-01
1.182417231598497320e+00,3.043101298525629494e-01
7.713486521104611082e-01,4.710459124653219032e-01
9.901350167342596320e-01,-2.857980477898163646e-02
1.839712325900680345e-01,8.247669716414285368e-01
-7.183625868862331121e-01,8.666076846333009565e-01
-1.809460673785990847e-01,-8.842322018769209757e-01
5.361688839013091235e-01,-8.700391222800026858e-01
8.399715538202445764e-01,-4.352190109336451229e-01
6.287484450365892208e-01,9.444766061142494395e-01
-4.186660407445355059e-01,-8.010391768004199164e-01
1.061582589023876810e+00,-1.705892407539977285e-01
8.545999729860795924e-01,3.732455928111192978e-01
-3.918852877781797694e-01,-8.521466113051967550e-01
6.033672317392324569e-01,-8.727555973643703613e-01
-4.680809957691928203e-01,9.585616384696271641e-01
8.970053450161792619e-02,9.813519345230098390e-01
-6.305785298041650666e-01,-5.493573169633507725e-01
-8.131465292261929045e-01,2.734700060033528057e-01
4.891147693236188587e-01,9.553939015950574376e-01
-9.508571366615941045e-01,2.326253335429064040e-01
-7.183817774148490987e-01,5.968352444646514154e-01
-1.040618180611244226e+00,-2.254843029806972710e-01
-9.147089673466982651e-01,7.804687000147553233e-03
-4.213130827823898250e-01,9.839246576269168321e-01
-4.682866983768486646e-01,6.560367336214074641e-01
5.001278797718267111e-01,-1.064685459019382385e+00
-1.241537169652559697e-01,1.021515245968941610e+00
-8.485901090469492036e-01,-2.449038753399269130e-01
1.092959132604728989e+00,-5.360640312437053856e-02
-1.035793685054148816e-01,-9.252162457270114437e-01
-4.888678004890870676e-01,8.500359036710879446e-01
8.902184876876282349e-01,4.640640868628159721e-01
-3.478225820948861458e-01,1.000076161851692014e+00
-8.597072563792232391e-03,9.749822418577879235e-01
8.099409125553994615e-01,-2.963754528533916743e-01
-8.630025740699815984e-01,6.741403770960459063e-01
-1.670795599036647427e-01,8.389350310251116882e-01
-5.092141015870292886e-01,7.142906029877473806e-01
1.050770627441130145e+00,-3.842151389794689620e-01
-6.313861602405619333e-01,-5.683762247617770713e-01
-6.419776461931908651e-01,-7.886443446031166093e-01
-3.682080460547808576e-01,-9.566392705550244013e-01
-7.633472434433069553e-01,6.729343376382858066e-01
-7.607307260192526233e-01,4.655906974102320683e-01
-5.186150965267518620e-01,-7.813742403087065025e-01
1.208536997471100882e+00,-7.232584701266940586e-02
3.878216646953616120e-01,8.587607788566187228e-01
-5.505939889260040854e-01,9.250274229966543027e-01
-6.243606073602500639e-02,1.086049404848481670e+00
-6.432455905735507962e-01,-9.481388857969397232e-01
-8.446702932205756298e-01,6.719305713430816507e-01
7.646022832379864020e-01,-6.895854734733809499e-01
-9.424102333289472444e-01,-5.108565308961919849e-01
-7.976832508464340998e-01,5.127994598322664910e-01
-9.562411834796270549e-01,6.340154893138560954e-01
-4.084002889927355051e-01,-9.363231507736448078e-01
-7.608402591748626431e-01,5.011548452192324810e-01
-4.509422209208977517e-01,-6.027597865395866172e-01
1.045657277310560573e+00,2.458054521586948427e-01
-9.752234664640844208e-01,3.177449952456806725e-01
5.771701428995336391e-03,7.414240380737098235e-01
5.036727716206151895e-01,7.719256661158688804e-01
-9.538814363054053391e-01,-2.328821090793112836e-01
-7.699295897191789084e-01,8.767329779487048613e-02
-9.169028206618984322e-01,-2.918998132285753333e-01
6.308835122938138973e-02,-1.042401665235844987e+00
8.833501458626393799e-01,-7.495838556217382376e-01
-8.975188365954386294e-01,1.050078694599190787e-01
-3.637993722239680205e-01,8.771861788451800201e-01
-9.376470565489176678e-01,3.503090011360573963e-02
4.066084775423040032e-01,-1.101720202166429186e+00
7.491604104941643749e-01,-7.872621902386833792e-01
4.907977187441279754e-01,-8.809835020236413961e-01
3.604862016602551900e-01,8.602950426086660718e-01
9.009496744705037807e-01,3.341853917635219384e-02
-6.305527812739729621e-01,-6.739465991146722512e-01
7.823197696424072367e-01,4.359499344528402487e-01
-3.287370239028120089e-02,-1.213593937907915032e+00
9.713056680864127213e-01,-4.682128524610989356e-02
-7.804348699021556035e-01,4.361022182666747238e-01
-4.587987039714371829e-01,-1.119431032863838826e+00
-4.517031691229571044e-01,8.539265420417292418e-01
1.796583683272831578e-01,1.098519877660540933e+00
-2.581335331511674935e-01,-9.430090821730952033e-01
1.277162496810228642e+00,8.362840793326381528e-02
2.440331552643728308e-01,-9.934790172488121573e-01
-9.656785370034229876e-01,-1.897009484647164679e-01
8.566872379999415088e-01,4.898288991229183820e-01
7.083800855686315234e-01,8.315416784068786482e-01
-5.539280782711452078e-01,-7.854963640181995554e-01
8.207764974692214333e-01,-9.061657037208271648e-01
-2.138594742019972461e-02,1.035543127502185135e+00
1.058666255166337722e+00,-4.223875942637872472e-02
7.867297547096125943e-01,4.620142102518012273e-01
6.156879095655486411e-01,-7.498504178099308914e-01
-8.753654299929878313e-01,5.871846928410016098e-01
7.345139491509421470e-01,6.033084172281573121e-01
4.414793746661851981e-02,7.713300873977324557e-01
-1.073512239634991206e+00,3.751777340701364927e-01
2.353884100352516828e-01,-1.064243333525843438e+00
6.261823407387657747e-01,-7.794865589019434049e-01
5.993882907679695116e-01,7.529873766596284490e-01
-1.059971480312925873e+00,-2.335300122995592476e-01
-6.880374764505100549e-01,-8.611059362669505335e-01
-4.738556882144604465e-01,9.809949600585674556e-01
8.178604960881903363e-01,-8.159666088865820122e-01
-2.465571040918355661e-01,1.173698910166911524e+00
1.060314334629621547e+00,5.804204488429981490e-02
8.341037680207095129e-01,4.339805292212595145e-01
-2.761906723923963636e-01,-8.955918815989400983e-01
-1.013531638092243670e+00,-4.189054251657320371e-01
9.658231397527393680e-01,-3.236158568563398674e-01
1.082784653499893057e+00,-3.269011336957532987e-01
7.544712956846471030e-01,-7.785540803115983399e-01
1.005877726643489289e+00,3.262571519336814330e-01
-8.100967308430591374e-02,-9.153954622851028233e-01
-2.477277889328003413e-01,-8.463303829640717035e-01
-5.645901448444012871e-01,-9.222285080084599018e-01
-2.124581760127518815e-01,-9.114040272731962489e-01
8.282284127334428314e-01,-7.956051053934881656e-01
-8.381574951224772807e-01,-6.158549771230692471e-01
-6.798912527983391740e-01,7.968442565222391138e-01
-1.122581499072174749e+00,-1.724536088247792809e-01
2.911728056643763107e-01,9.722807794815043758e-01
-9.079321394621513441e-01,-4.880677683005247847e-01
8.911585340898965368e-01,6.359461007996164428e-02
5.794452527378166629e-01,9.281018921733407145e-01
-6.234522010054980301e-01,7.791367595998347495e-01
2.324595410038509391e-01,-1.145611229823690014e+00
-2.147614198324794554e-01,-1.006022661891357028e+00
-4.397899108344263119e-01,6.931116751464818648e-01
-7.685740380304000308e-01,-7.085843280229867647e-01
9.506507056007929002e-01,3.575250110930219827e-01
4.498500249564489351e-01,9.830724741991305748e-01
8.859830089766788097e-01,-1.044236749597860087e-01
-1.613458916551928357e-01,9.243733592562025647e-01
-8.678766650486154921e-01,7.788593063427331487e-01
-9.744270611478051958e-01,-4.472477035069216678e-02
-1.823126094268079922e-01,8.111195000461965954e-01
-8.869552897785186740e-01,2.868886063620392779e-01
3.091800276213805820e-01,1.076456215411126793e+00
1.025380749767379251e+00,3.337393487520736723e-01
3.914062165088837975e-01,1.089311309398920180e+00
-1.033768841324505861e+00,-2.113379624954677682e-01
8.523998405532957623e-01,4.631836479712401200e-01
-7.914827558724091272e-01,4.219942043650847241e-01
-2.940825384205342230e-01,8.042845087482053401e-01
-7.577213816764791776e-01,6.036067283783594917e-01
6.949602957692467831e-01,3.570344995822927747e-01
7.291414879812343486e-01,-5.318944910794625169e-01
-8.293368788672899061e-01,1.143775646610675073e-01
3.544902278541000595e-01,-8.519770150896425198e-01
1.049925558857013774e+00,-1.537216306237853825e-01
-4.565406219926114728e-01,8.064961395965408730e-01
-1.110666543770128634e+00,-6.789460511675560195e-02
-3.084859314754584969e-01,-8.581174168322782680e-01
-8.807022076332854388e-01,4.858828052036001655e-01
-2.602970997849186063e-01,7.948643323507280645e-01
-2.485696200613604634e-03,-9.547352928423936680e-01
7.387655734747502478e-01,-7.249883533014568338e-01
7.144662013596662087e-01,-5.373730389569620902e-01
-7.117388814330332103e-01,-6.833293373406108540e-01
-7.107237606479412939e-01,7.467316722993339040e-01
9.463827109722815489e-01,-1.223214022125627687e-01
-6.775280304735247228e-01,-8.782328854632971415e-01
1.049802488805735123e+00,4.857538389252358813e-01
9.598527057104505600e-01,5.095914280485420722e-01
1.146566212658685358e-01,-9.031448912404205220e-01
8.262466230868564798e-01,4.019256261832442889e-01
9.429446087303329227e-01,1.434431719814779210e-02
-7.592135312154647542e-01,6.294987969337346723e-01
-1.077016546501568195e+00,-2.119571649628112786e-01
-9.309647204578710422e-01,4.701673974901242614e-01
-1.072887510508499842e+00,7.448365692514351266e-02
-8.629550636362054439e-01,-7.517873841034062865e-01
-3.356025578665160491e-01,-9.899605118562829764e-01
-6.552922589714809121e-01,5.135254686299752791e-01
-6.770728786654415243e-01,7.645605154860380948e-01
1.197828137510092095e+00,-1.592949930415269999e-01
-1.480237465605524494e-01,1.040815225401306110e+00
2.449342087737636509e-01,-9.390164819306698885e-01
-9.458289774816536211e-01,2.807730755638828679e-01
-5.970233509413117590e-01,7.865411207280254002e-01
1.070387269355173920e+00,4.162757260178761576e-01
8.554164674932263068e-01,-6.197309437785202269e-01
-3.698491339403594536e-01,-9.570909802852252124e-01
8.679296668766982581e-01,-5.678224992591691667e-01
-8.791032545202123183e-01,4.011386957785055274e-01
-4.525442219418712719e-01,-8.103065099518694803e-01
6.593588931504887896e-01,6.351761923528934650e-01
-7.602894104458173263e-01,5.600666750725907805e-01
3.783753988098046417e-01,9.907775497703622536e-01
8.944982407359253207e-01,2.763003583325555068e-01
9.515950556920642622e-01,-2.544802054684978665e-01
2.772884299801444685e-01,8.560437023067740681e-01
6.109536589535958795e-01,7.666510042382073120e-01
2.562531445694539722e-01,8.882498104268055084e-01
-6.379249444494456966e-01,7.412552433956154374e-01
-7.852453771812009098e-01,-1.950280215237163439e-01
4.813045511280464872e-01,7.018625118465130486e-01
1.027478097410814195e+00,-1.027316705851457901e-01
9.450973052975748523e-01,-2.690641186072388891e-01
6.414262147797168412e-01,8.444109664819828831e-01
-8.678230464261637023e-01,3.813219641211401667e-01
-2.598337534410999905e-01,-8.445186340833850114e-01
4.844670262377144820e-01,-7.296989981390784585e-01
-8.194720072051581150e-01,-1.728978930005432846e-03
8.610625942138232514e-01,-6.008585688274926673e-01
-3.553368526842742292e-01,8.963676567905560777e-01
-9.316094249466549959e-01,-4.226790900649790572e-02
-8.158095703657255449e-01,1.669133395066637049e-01
-4.771068695784198566e-01,-7.750222338369319175e-01
1.986406714388214145e-01,1.004234204196692959e+00
-7.090812074207718529e-01,-6.173346129153777229e-01
9.871907267020495202e-02,1.075682617013241194e+00
-4.039941625189172325e-01,1.086693135666732202e+00
9.322074762016928640e-01,-2.253791374492465083e-01
8.703560936431028461e-01,-6.056120278617349584e-01
5.810733124835320007e-01,-9.835542668368720820e-01
9.978374389417393742e-01,1.782882100262029590e-01
6.434290461631937408e-01,8.516862548607982975e-01
-1.576382779156544622e-01,1.298409631139588960e+00
2.422027956679231597e-01,-8.941817735325707783e-01
6.457310640268796309e-01,-7.406709368477228939e-01
-7.821357257239129890e-01,-5.804723342994421165e-01
1.190684820928741838e-02,-7.919536284446934138e-01
5.842531674158821797e-01,-9.992488998935803446e-01
9.517343011093084559e-01,3.453299882565369905e-01
8.049978399666281037e-01,5.303325466711966696e-01
6.075027347231288788e-01,-7.105253332724182913e-01
9.617971533947531348e-01,2.004064409059772844e-01
1.471463437896096960e-01,8.303220997422833261e-01
9.972514309019449019e-01,2.947026553414503480e-01
1.077886887945185057e+00,1.454110729375137634e-01
5.994382387482038999e-01,-7.843060537479686900e-01
-4.343069693889087257e-01,7.488582707254682891e-01
6.173240223590549247e-01,9.722526597472378462e-01
7.315674337181597986e-01,7.836863313076770643e-01
-4.143303500580387544e-01,-7.406760942522656599e-01
9.830870465073574538e-01,-1.842560775900395353e-01
-1.037132743519745937e+00,-5.223565132151311574e-02
9.175183922535433689e-01,-5.447056218311068232e-01
-1.081263396805224541e+00,-2.320541976029621700e-01
-9.889631479704497075e-01,-4.359773874889460998e-01
-3.675136537174735207e-01,-9.577270926288394826e-01
1.955200703859251710e-01,-7.660518158868159233e-01
2.784705956819619743e-01,-8.230350993036630314e-01
1.150940233501690724e+00,-8.499550830499091880e-02
-7.177395153496879399e-02,-1.069036853988933222e+00
7.162440877303273279e-01,-5.886770474449205537e-01
1.431763170655806772e-01,1.105713939419652903e+00
-1.079741946939839936e+00,-2.418589212275456535e-01
-8.332023315252745643e-01,-6.428275040304916033e-01
4.325891873375460328e-01,-8.762803645939332142e-01
-1.060200504360651719e+00,2.551515732696909566e-01
1.850438432065800165e-01,-1.020056594664800587e+00
-6.973669395452254394e-01,6.930534887401725852e-01
-8.934277975256329496e-01,-4.634505977636832474e-01
7.034881956839433848e-01,-7.278508955065975394e-01
1.526077275489647056e-01,-8.551262834125443746e-01
-4.157593201665101823e-01,-7.775173860740106635e-01
9.039478438550772044e-01,1.536542491140312772e-01
4.038860500995764546e-01,7.083481493365816339e-01
-1.018510211840996771e+00,1.509266604886853880e-02
-8.527220675413633294e-03,9.639201288669217993e-01
8.924114902079436362e-01,5.254641527895833608e-01
6.372476749781779137e-01,-9.881674791987276052e-01
9.072934411267514765e-01,-3.873558459901681461e-01
-2.954448218531917081e-01,1.006645820365929200e+00
-7.956596963726465521e-01,6.756563855047629241e-01
2.556684294587968642e-01,-9.103434403726129442e-01
8.390384318811191511e-01,3.816259749471577201e-01
-4.844590985205153855e-01,-7.336673046832118406e-01
7.619753335464239941e-01,7.476372828799606740e-01
-1.215056497246127104e-01,9.794104951561283245e-01
4.747875855078330654e-01,-1.077086304886586188e+00
9.330569924736017429e-01,1.600104772074718851e-01
9.440103610431060943e-01,2.944100199780735339e-01
-9.054829032371078945e-01,6.423375143265734888e-01
-8.872975778636358335e-01,2.400142542689990000e-01
6.962166314018717328e-01,-8.027154690389747271e-01
-1.710986617006795829e-01,-1.069505664130742106e+00
-2.306037182189795420e-01,-8.516620807280667060e-01
5.359258978114461724e-01,8.404522106807633675e-01
1.081744967292501469e+00,-2.447969366198236019e-01
-7.740385946895282920e-01,4.984817722592791434e-01
-7.134412671277108320e-01,-6.801671664256341288e-01
-7.108592843086053437e-01,4.022143088497434626e-01
9.959321984255536941e-01,2.816265727136310071e-01
-1.153165043627330189e+00,5.706871547598163508e-03
4.398556262156107510e-01,8.051173748151309040e-01
1.065268369021913575e+00,1.585368211056628340e-01
-7.314115751999926696e-01,-7.790745568750560013e-01
-7.100304823023418921e-01,-7.725943380647064540e-01
8.601539429781149826e-01,6.939799203596018762e-01
-8.341713360024147761e-01,-3.180256024341530097e-01
-4.448526012881309777e-01,8.040969797516116513e-01
-6.076817956190485592e-01,6.579166444687789550e-01
9.099659523034055175e-02,-9.499868901811080457e-01
-9.576899694650016226e-01,1.870533751617321772e-02
8.499632880238456867e-01,-7.904252803950568840e-01
-6.141210830715291280e-01,-6.838339416689547257e-01
-9.005917236070568599e-01,2.029628051388331911e-01
-5.486760515646351699e-01,-7.589742573615223531e-01
-4.227344366741384585e-01,9.530825687871937735e-01
7.007069339299234478e-01,6.279504577197534410e-01
-5.396501089448138000e-01,-1.045624347058894177e+00
-7.585365729733886120e-01,-7.421190592496189620e-01
1.700486480067428530e-02,-1.004082018997596748e+00
7.024696927018040382e-01,6.452964445704668650e-01
8.255414170897374948e-01,-5.014434106613366859e-01
3.120050180957265051e-01,-1.093648166276222744e+00
7.538359553668640967e-01,-5.534183042321312307e-01
4.683564528304487995e-01,-7.063076775812547892e-01
-2.158215866553569173e-01,-8.623351437901805028e-01
4.543245052920878990e-01,-9.758772500691004215e-01
-1.084807401429336293e+00,-5.388372163241772483e-02
3.801850101801835247e-01,-1.095163556676798100e+00
6.341414887619544194e-01,9.833195289704146358e-01
9.955943633418379290e-02,-7.548232000674778286e-01
-8.420200695667875435e-01,2.572828579810118588e-01
1.819614532034584398e-01,-9.305958998234099555e-01
-1.149779530741044109e+00,3.712347980773393896e-01
1.800977146034484222e-01,-8.964768774544548124e-01
9.329947321950479155e-01,3.550281649525852123e-01
9.168166940831440348e-01,1.981479693463549518e-01
9.155032447827516906e-01,-5.628718852400806938e-01
-1.156910154713837402e+00,-1.900604847105370754e-02
8.761673293099613291e-01,-4.248397544900370804e-01
9.695410487790014908e-01,-3.272834130955346588e-01
-5.150793900265150382e-01,-1.174154724988302201e+00
-1.103030730789640534e+00,-4.559375582978120733e-01
3.124065998137180999e-01,9.177826159290142227e-01
7.964229843747209214e-01,7.160091055989598052e-01
4.520921208220738396e-01,-1.015405381641442562e+00
5.428910919070555341e-01,-5.933942147372113229e-01
2.304036289401576454e-01,-9.051640299809565748e-01
-4.857667089022634221e-01,-9.663428244888893071e-01
-7.967194921097749960e-01,3.371569819297679516e-01
-2.354833946382056120e-01,9.754405074001527565e-01
8.433995954122507355e-01,4.469051929334745821e-01
-9.498200973004116143e-01,3.975677019348242691e-01
-1.054637694644489310e+00,-5.664675382837065509e-01
9.339981194528009789e-01,-1.459638307368532062e-01
8.707981293295529168e-01,-2.834704639860480824e-01
-7.199818445395800293e-01,6.667466361251931373e-01
8.743670679286728031e-01,6.874910940433058837e-01
4.229660542432647774e-02,-8.599507058166313556e-01
-2.199845076369794095e-01,-1.001881183531519781e+00
9.308362376593293241e-01,3.113876528696652990e-01
-1.118638405306295880e+00,3.663098791968503187e-01
-3.415760978146990534e-01,-9.271856040891952588e-01
1.039404731047060881e+00,2.536317416452578133e-01
7.073842964410047562e-01,-4.874371284201797216e-01
1.088867615311267079e+00,-2.498956113701302217e-01
2.124141956920649887e-02,-1.084341875749658568e+00
9.124844453476617101e-01,5.904196616234816952e-01
8.397130437066833153e-01,3.662392977312097231e-01
-6.382691413647368917e-01,7.015470880685626964e-01
1.998575108992467930e+00,-8.924986866044279932e-01
1.530111153990884931e+00,-1.035935898022377399e+00
8.108971340768014180e-01,4.675658242451651847e-01
1.324902924876322441e+00,1.036046674593802619e+00
4.224677909164893386e-01,-6.209257187124367361e-03
7.697673952197742198e-01,4.853604879276594564e-01
1.568715381379569340e+00,-9.511166641571369151e-01
1.141027105015468779e+00,1.040528858164502912e+00
3.201595568157503680e-01,1.944563335747706567e-02
5.684832751040335141e-01,-5.845075430992423549e-01
2.460334158372437408e+00,-4.985686680623171996e-01
4.856973878608983330e-01,-3.367587711287986507e-02
1.298323070655418965e+00,1.131261787879310532e+00
1.512285441759563476e+00,-1.104599001124655810e+00
7.953457485423529594e-01,-4.505624030389624446e-01
1.697791478465302095e+00,1.125107103494483285e+00
2.187897290448023391e+00,-3.548697905268956565e-01
2.452922345201441257e+00,-1.050814449891616653e-01
1.859779030410384948e+00,-8.935740513976356825e-01
2.153869040807163682e+00,-6.251223869963944413e-01
9.990014139235521284e-01,8.302398412325864285e-01
1.347594859233115949e+00,-9.279765176695035089e-01
2.338051699155015761e+00,-5.765255431163011091e-01
1.135646585381181239e+00,-9.260475954485269945e-01
5.150596841786385660e-01,1.853828826296498589e-01
2.319540940914567084e+00,5.744640199320659724e-01
4.893446990688111176e-01,4.529600509464723479e-01
6.179865199847816015e-01,-6.227616763098406949e-01
2.265734136757592943e+00,-5.253062661883912687e-01
2.541628455169053336e+00,-1.861792443700760746e-01
5.127326501285900395e-01,3.150136780825328886e-01
2.167046884641400162e+00,-9.005690805713232328e-01
1.373272588608404510e+00,8.893089863657774874e-01
1.890634942500019511e+00,-9.419522723865680902e-01
6.377558558302030001e-01,-4.647457744622842668e-01
2.407994006274038590e+00,3.094199683221539598e-01
1.407654108988301234e+00,-9.865045947065667065e-01
6.534429153436848159e-01,7.308068665119387131e-01
1.921061919753514813e+00,-9.248586196287733596e-01
8.504200376498564085e-01,-9.867247624457401445e-01
2.384360316344808606e+00,-2.958038048273192028e-02
3.762261358777942988e-01,1.359369431508529180e-01
2.119838620236268678e+00,-7.628515803931490424e-01
1.442690775232478462e+00,1.167410703144284412e+00
1.038273178455413337e+00,8.100944438777357703e-01
2.385263749544138889e+00,-6.222721063071519065e-01
1.793417791064758182e+00,1.003579358865269500e+00
6.609624069410922065e-01,-4.553777828758122093e-01
1.589873347922378555e+00,8.809865149353799385e-01
2.468580945643092495e+00,-3.028472315646680291e-01
1.655703493788731606e+00,-8.478387952622876700e-01
5.943204900472669472e-01,3.503150607808626638e-01
2.380536220213687049e+00,3.372061607570936426e-01
1.165002398554889185e+00,9.875284863003703784e-01
4.271897622043406284e-01,-2.101547473815076894e-01
2.435534553371021538e+00,-2.780321946457233739e-01
2.302672918050312934e+00,7.374611196498105370e-01
4.202198126590598326e-01,-4.050329138348786606e-01
1.240091234007862697e+00,-7.759380768123689265e-01
6.331171604918832685e-01,-2.787151098144783345e-01
1.994556291627696210e+00,-9.107187312051173711e-01
4.346677958201127234e-01,-3.797005575446495973e-01
2.405371437225358289e+00,-1.817361152729070339e-01
7.952754720973650437e-01,-4.673507392498376101e-01
5.652805188291647465e-01,-6.312391568170870881e-01
6.166092811185475142e-01,4.938969674153126377e-01
5.721884667746938158e-01,-5.097983185844662257e-01
8.587040832249877020e-01,7.798300035391745322e-01
7.559916534455329851e-01,-4.797562275108167018e-01
1.344908267361285548e+00,1.042449129218949277e+00
1.910530052615514007e+00,9.003207028682400637e-01
1.773518808907564193e+00,9.688438118769516771e-01
6.543203119839172688e-01,-7.228566999379104629e-01
1.087983193613133448e+00,-8.838664588312603598e-01
4.119402316801743513e-01,5.725174520139461598e-02
2.198035764777015455e+00,3.040388473938586689e-01
1.657575325656956311e+00,-1.027759459527442409e+00
2.325797127734166025e+00,-7.900461551971460494e-01
2.411695248664968982e+00,-4.770402798632626951e-01
1.836957422279124952e+00,-8.218952916990929225e-01
2.345563860719092730e+00,-4.689371681592133245e-01
2.424370569275120957e+00,-5.006364975703868625e-01
5.589772076667621770e-01,-2.424668888622568130e-01
7.713993693639356053e-01,6.305842582587074530e-01
1.173428899395611014e+00,-9.991016271332718857e-01
1.288672122444699530e+00,1.015516151911079579e+00
1.761477071746320844e+00,-9.824341398858608132e-01
1.959689407128490046e+00,-8.865427460831126760e-01
2.246101142243467130e+00,-5.811886277934533718e-01
6.569185718986964018e-01,-5.269079445338897827e-01
2.378059725375663014e+00,-3.195632960543776657e-01
5.863273194120752763e-01,-3.339077435435319763e-01
5.915888952607193385e-01,2.417856171355176609e-01
9.621676897389719318e-01,-9.412688638212451941e-01
2.532447368995218273e+00,-6.221919263573275072e-02
2.257596292560180018e+00,-4.875873592579828553e-01
1.723010194871359202e+00,-1.024217108948720423e+00
2.484576906480742586e+00,5.134479051021592078e-01
8.152597360847002594e-01,-6.056517545245487799e-01
3.912709239041643472e-01,-1.207894923006805343e-02
8.999673836191519616e-01,-7.351975126510730263e-01
2.164224806345487195e+00,-9.293650496340573053e-01
1.601328190765659576e+00,1.116324311806319747e+00
1.281736492239800240e+00,-1.162588196732150525e+00
2.304209258017182904e+00,5.821952801328093008e-01
1.560457447440536161e+00,1.011530186078761773e+00
1.702421082762581195e+00,-1.015461369447390849e+00
1.017654622027336142e+00,6.419019750758293563e-01
1.879619464014050445e+00,-1.203712772295884026e+00
2.358316569991874889e+00,5.179431942553064383e-01
2.127731093730143019e+00,8.500552228387937559e-01
1.316288698921323830e+00,-9.328811863364966372e-01
2.489648407703142663e+00,2.560949121691338259e-01
5.960260973293586284e-01,-4.832454371313710806e-01
2.451068934473558780e+00,-6.201247717257444281e-01
5.806185887950904290e-01,-5.327391609636875081e-02
1.283196092457591364e+00,-9.025821535510997196e-01
2.448912469024898453e+00,1.944516713662260143e-01
7.789134687484859931e-01,-7.235144765945141776e-01
5.417581894433096679e-01,-6.804870670081084594e-01
5.639024630100160085e-01,-4.586319950868054107e-01
8.168481988439283414e-01,5.988481600974012720e-01
9.604901561362655382e-01,6.974075646154874741e-01
2.594554699580619683e+00,-1.844632869533853192e-01
2.384076475892757063e+00,7.688321511922396878e-02
2.513200911929033943e+00,1.891439440130422422e-01
2.269203106556118232e+00,-2.936914848620423291e-01
1.869748651589955513e+00,9.289155294413841135e-01
2.202013696493585915e+00,7.410992032011063380e-01
1.574837140576269556e+00,9.279840554638114636e-01
1.729535862759807197e+00,-8.732373747408114228e-01
2.480874665235434318e+00,-4.257246425953947755e-01
2.518744304426910219e+00,8.235287697522203354e-02
5.347435787687283559e-01,3.321052900242369987e-01
2.420367560642621374e+00,5.665135879555245335e-01
1.336164358991527079e+00,9.106344629821179204e-01
1.593873684996321538e+00,9.489698375077771919e-01
8.785927709579154365e-01,-8.280552190584259398e-01
8.628947338574144421e-01,7.450436897558064819e-01
1.955281763114934401e+00,9.424347669154833351e-01
4.507644433573685383e-01,6.233605910108047654e-03
2.587048176772682950e+00,3.165454090526115261e-01
2.325670093590197940e+00,6.724580069491512546e-01
2.354263719051448156e+00,-4.419034028345906334e-02
1.901826803803858379e+00,1.138500706430196185e+00
8.247683499098369397e-01,7.940124129088454996e-01
1.396767824642698663e+00,-8.437658943608860040e-01
2.049441955148911809e+00,-8.361578874543629247e-01
2.332552510823369118e+00,-4.711825941358557257e-01
1.885787123971952584e+00,9.575255431123558258e-01
1.043324598747201737e+00,-9.381893870289732540e-01
2.471982987211263527e+00,-2.784152281702023113e-01
2.456292977500134089e+00,3.619757861584948500e-01
1.334630176230881649e+00,-1.036415759665319403e+00
1.993726371906153316e+00,-8.835404923844701885e-01
9.498647863882059283e-01,8.472382376384717251e-01
1.529139040819401663e+00,1.046245948250938307e+00
8.420509875535469035e-01,-6.846427110234780677e-01
5.483021822585395499e-01,2.660957970035614517e-01
1.977196877385286378e+00,9.571680245668896525e-01
7.385064386852695506e-01,1.859066580996267259e-01
6.065792664616315166e-01,3.945367867821715224e-01
5.165654376042576601e-01,-3.809393000899549131e-01
5.678924586396330021e-01,-5.254112117252352637e-02
8.979590329727618059e-01,7.760136379347367663e-01
9.730975717870324893e-01,9.078311884203260629e-01
1.887259342945365459e+00,-9.546599319634224701e-01
1.555875464960819077e+00,9.661593189565091944e-01
6.937026863997700632e-01,-4.496618300204437979e-01
2.323497393483469953e+00,9.105264828714054737e-02
1.496104029007672809e+00,-9.555012973915902874e-01
9.658900425945864399e-01,8.199899147569698066e-01
2.456824667263862949e+00,4.505520717533455510e-01
1.342396773781951547e+00,8.001409269631289956e-01
1.590467357618409627e+00,8.674297726309013745e-01
2.514471749209315821e+00,-3.559676391658361805e-01
7.319818223642300392e-01,6.730271488092387511e-01
1.238141143620167250e+00,9.690838071211754778e-01
7.939839059307345348e-01,5.266671546824154282e-01
2.287359470077232615e+00,-3.325283742040115453e-01
7.932704664516402326e-01,-7.146770149307657416e-01
7.551294152185942243e-01,-7.354242175910488122e-01
1.201997103155066249e+00,-1.210097751322696924e+00
6.947967630902951441e-01,4.330594151415768644e-01
6.184180444575964053e-01,6.402180421365163410e-01
8.862743602364325790e-01,-9.228336663769738379e-01
2.561256374767130861e+00,4.091700694993290199e-02
1.723327393371018479e+00,7.081022328678368005e-01
1.111680352880705769e+00,7.970919699672105452e-01
1.655756303481149772e+00,9.176512213969978404e-01
8.464098585622631399e-01,-7.890410001750486346e-01
8.454143025468068284e-01,6.775075197360128643e-01
2.100735037168502739e+00,-7.449562445488302487e-01
4.581509585303733534e-01,-4.701029448021700197e-01
4.421614134773947935e-01,4.322231563678232136e-01
7.721155037169397106e-01,4.094703993634360994e-01
1.272604547814168097e+00,-1.085760088962724579e+00
4.341867134531062211e-01,6.595584407168568752e-01
9.431305776181404532e-01,-7.785978647264385488e-01
2.634666312692107049e+00,3.823877461036816472e-01
6.189905853889876575e-01,3.107024437703996278e-01
1.537042771038164446e+00,9.800478626684006045e-01
2.167019014057815607e+00,8.546933890844260473e-01
6.264913743554143544e-01,-1.024338688429334288e-01
5.915280096716563074e-01,1.428141956889873443e-01
6.522666773446216260e-01,-3.765898802770966114e-01
1.382237382105437451e+00,-9.833996595386187423e-01
2.384753164575838191e+00,-7.067974471079980781e-01
4.572448544167261320e-01,3.486396665524973265e-02
1.283016691151469990e+00,1.000030317173308037e+00
5.490541705570038955e-01,3.575776970422956391e-01
1.778930913663514080e+00,-9.661253847520514526e-01
2.268349513031598708e+00,-5.650195192522903254e-01
1.965872382452364509e+00,-8.215156154993670246e-01
1.663137447177367445e+00,1.069410933368750483e+00
2.506617522406755949e+00,-8.721708691792057211e-02
7.437731659043064214e-01,-8.115196251500017555e-01
2.442835054869135991e+00,4.675240853079304926e-01
1.520205731358764023e+00,-1.058256546967769163e+00
2.475851883375112639e+00,-2.239290462946375571e-01
6.469661171524876409e-01,6.580946476987670213e-01
1.077749598104053907e+00,-1.020458422650349473e+00
1.083270678690151367e+00,1.032174454965293142e+00
1.840386499639409923e+00,9.280683321144492792e-01
1.398601586253609419e+00,-9.413221649932039803e-01
2.519607526655285312e+00,7.957179802821741366e-02
2.118786098247677607e+00,-8.565006864170232603e-01
3.864474920826560522e-01,-2.234534263518223318e-01
2.266857076845970820e+00,6.244246591358804110e-01
2.259912598171839981e+00,5.284776354166116352e-01
8.238220655169644635e-01,-9.101532082660510614e-01
2.255213341834639174e+00,-5.966559642128888008e-01
1.347990785066641051e+00,7.855016742920528650e-01
2.500005228870087581e+00,-2.400729819368794815e-01
2.395560380759164332e+00,6.379797253967034454e-01
2.176728815338749179e+00,-8.306073687179790221e-01
6.201985202383899498e-01,7.270243495707073844e-01
2.483707388650529424e+00,4.048674236548205352e-01
1.262205698729189640e+00,1.252871202989167099e+00
5.471908276968328044e-01,8.811589972480415867e-02
1.620919388187530341e+00,-1.004614638131384519e+00
2.165385431321035004e+00,-8.334088930979285381e-01
2.182261377146162751e+00,6.761289455062703402e-01
4.796185869213385189e-01,-1.209881620862981733e-01
9.781842011339049181e-01,-8.819104678287351673e-01
9.698606607817056302e-01,8.275612273602451774e-01
2.212843137273736271e+00,-6.641394493491808992e-01
1.343624652621366877e+00,1.084540661636705039e+00
2.473411708973129119e+00,1.200750221536084350e-01
2.562221194161667270e+00,1.826107090412287526e-01
1.253238820001070231e+00,-1.028498029240595857e+00
7.559452657482601534e-01,-4.157903778997825150e-01
2.384261339791883483e+00,-2.163342994060538926e-01
2.399089696052439269e+00,-2.792033995842935212e-01
2.271666346807244441e+00,-7.228231327133449735e-01
2.481158413215115210e+00,1.606832697874133742e-01
1.570074618932833621e+00,-1.078492717740410445e+00
1.203715826077814910e+00,-7.624545855780561210e-01
8.686293267228263337e-01,-7.065578340182927519e-01
1.120736324163435160e+00,-9.341425785857668806e-01
2.197812845965889661e+00,-5.658152788088937069e-01
5.996699203635229569e-01,-6.960399945562069091e-01
7.903849965896555529e-01,7.428241257563201749e-01
5.609558454305562103e-01,-1.682763523324542487e-01
1.690765828068730325e+00,7.560506815075678233e-01
6.133198458647094453e-01,-4.923531451363180600e-01
2.548314271090072580e+00,1.068314527597717389e-01
1.867139823114161379e+00,9.093716141302821132e-01
1.158346045551446046e+00,8.440948605015204942e-01
1.712728543029456763e+00,-1.085618872598731244e+00
1.279038749387783280e+00,-1.010700459309565424e+00
8.962899331941163172e-01,7.287025316332985669e-01
8.598033017473520889e-01,-8.239858480819238773e-01
2.451935196743140644e+00,3.517544102077852508e-01
2.023643031425381711e+00,9.863044547254214978e-01
2.639836626323368129e+00,-1.669322927837259829e-01
1.255244244893376937e+00,9.791629920949870280e-01
8.031700649109076995e-01,6.089496280285061625e-01
5.654439835654877511e-01,-2.497482120236947933e-01
1.477476960771344272e+00,8.207972897951492097e-01
4.274562512625017519e-01,1.768652293292119482e-01
1.716194598936857219e+00,1.033860079579825397e+00
2.297728744874716789e+00,3.419183758636129000e-01
1.964737661545310710e+00,9.313310213140404414e-01
6.193553077760749481e-01,-6.245957821318601222e-02
2.340954028868974302e+00,3.459223297737728520e-01
6.617759972662478063e-01,5.626811589208542408e-01
9.966645291748809088e-01,8.546312637554163150e-01
7.301296879837703147e-01,6.420346379716637131e-01
2.324932269647444372e+00,4.215165081241768474e-01
2.414940141492840642e+00,-4.732691533360506297e-01
6.614706690063019145e-01,9.785415904784390551e-02
1.988995902230208168e+00,-8.482757466990616946e-01
2.491349506209114661e+00,-2.583491016292044362e-01
9.143533231423488505e-01,7.002139289090255625e-01
3.769241471508546493e-01,3.013215602531871817e-01
1.195604030940006002e+00,-9.113809170178874819e-01
3.054644266214006088e-01,5.481259273398239040e-01
1.105066550072288489e+00,1.145165054366214408e+00
1.543463519390796179e+00,-1.026109449106144877e+00
2.231302838556175949e+00,-6.105609674581686797e-01
2.443793060345993862e+00,-4.051240417282843120e-01
7.359498652919065353e-01,-6.747639995429477455e-01
5.857350301176408314e-01,8.418686354704819630e-01
2.576449367355487574e+00,-2.769939876675045487e-01
7.875258367007056393e-01,-7.219311313088664361e-01
2.292367491444609939e+00,2.749875601076668952e-01
2.348720591469433128e+00,3.967500537538063976e-01
1.622526262276974940e+00,-9.060097959256421252e-01
2.351975740640123824e+00,3.066618209767660863e-01
2.505891188636065081e+00,1.346941580818044881e-01
5.881672261384456313e-01,7.591285124073832158e-01
5.323488005061206563e-01,-1.828509742893014156e-01
5.178043889568137992e-01,1.032062092533409525e-01
6.963105572531962384e-01,-6.692461879623647081e-02
6.976422940101276726e-01,-5.353215359801787310e-01
1.051266306247928162e+00,-1.003378271335128247e+00
6.038984796884425688e-01,6.114550085459187212e-01
8.234878538800812775e-01,6.883877727301708216e-01
2.547371306751849751e+00,-1.598125256047221443e-01
1.283598360056085852e+00,9.173407274675270395e-01
1.519098146140130279e+00,-1.002451282644386765e+00
5.460647038407795417e-01,2.428159966464133179e-01
9.971246358447178881e-01,7.992691751893752361e-01
2.252577888248950444e+00,2.942628270431552617e-01
2.261548098520477446e+00,-7.813362076353145280e-01
1.214227062351904696e+00,-8.295750184432223451e-01
2.434713709985599550e+00,-6.356397049036118796e-01
4.270786292068107226e-01,3.335147381605046979e-02
1.199476446479527336e+00,-1.028714632751233093e+00
2.188071660867491275e+00,8.264039913117229297e-01
6.536270777540845733e-01,5.083966839220652734e-01
1.704112063550719647e+00,8.734229422481958327e-01
2.725064558728826913e+00,3.594158955762379870e-01
2.329680995915932584e+00,-3.967333147289331396e-01
1.835459962264264666e+00,1.082079955052126286e+00
2.287836830564977220e+00,8.807284452931033458e-01
1.659223534530150479e+00,8.940291413185555980e-01
6.691518485818469530e-01,8.288063140926029693e-01
5.556282052899245150e-01,-8.714601031874794068e-02
1.778086634185416237e+00,7.612154585552090014e-01
2.443207199243331296e+00,-1.278524882220918313e-01
2.412359238028309427e+00,-1.994071465574243640e-01
2.094101640962569011e+00,9.024064507483336994e-01
8.013302240191002568e-01,6.327044070567408030e-01
1.096441832833260799e+00,-8.416723000700758739e-01
2.229001541473085712e+00,-7.674896942453395265e-01
6.078353989117749601e-01,1.337267957127921125e-01
2.369893593365094642e+00,-4.911485148231758413e-01
1.202537367846385763e+00,8.662674269488085388e-01
4.583710363655702502e-01,-9.536498864482911841e-02
4.308593868660979265e-01,-8.477042381364416346e-02
9.313267497463062483e-01,-8.053350395754548252e-01
1.866102501079843545e+00,1.001517869555863971e+00
6.820688537255058526e-01,-6.600636340544298042e-01
1.854815559926294544e+00,8.978748427269322985e-01
1.004383789964555351e+00,8.360388171923334166e-01
2.433026706541809858e+00,-1.935835463557455949e-01
2.245693963941009397e+00,-5.155036762878356660e-01
1.921412659789862643e+00,-8.354371266898589221e-01
2.387216181064800935e+00,1.608396172829181514e-01
2.019325623892361143e+00,8.649635714009589194e-01
1.539186859490353276e+00,1.041498478255064475e+00
1.532624062537871090e+00,-1.074141682896450289e+00
1.992339362304505812e+00,-8.606658717816592086e-01
6.852442339627990986e-01,-5.347128281532922411e-01
1.410046436748617404e+00,-8.085234419348502621e-01
1.874307360976362746e+00,-9.541241927724867233e-01
2.519562437318513037e+00,5.738328854121189648e-01
2.508242873007938467e+00,4.613226914679300350e-01
2.191267523629900627e+00,-7.205245398436499471e-01
2.549243444925511248e+00,3.114365122895458304e-01
1.837741938971754196e+00,9.813644173086070177e-01
2.436375303757824184e+00,3.267233881242494475e-01
2.481245014741438659e+00,1.351509017430963244e-01
2.075103405971231219e+00,-8.352616671232158119e-01
1.026762473685989274e+00,9.282879893957395323e-01
1.993144095791625103e+00,7.717000803431299794e-01
2.129304803856503447e+00,7.884101061461046278e-01
9.340703922316221375e-01,-8.693028527954324014e-01
2.640070723011236797e+00,-3.351873412539115860e-01
4.899480825647726245e-01,-5.767773186547808795e-02
2.343506781271682993e+00,-5.618535099562911306e-01
5.946136682356581993e-01,2.588096513439358190e-02
6.006997887119124302e-01,-4.409555659040881315e-01
9.902913770190283627e-01,-9.169089144458530960e-01
1.950369084791911289e+00,-6.489205000981350668e-01
1.524727168751374373e+00,-9.683931039828430620e-01
2.513824179222350796e+00,-9.554552119829813617e-02
1.373490739993473042e+00,-9.982807393633883475e-01
2.343243439464319344e+00,-3.937086686162174498e-01
1.825295173241225921e+00,1.008410489352106643e+00
4.752940197621505214e-01,-2.576526142000421515e-01
8.526002839401998212e-01,-5.142220982854710520e-01
2.107234137080357339e+00,-9.034770915954435377e-01
6.392209533206248961e-01,3.222174318888916256e-01
1.765156146916750712e+00,-1.064344818757407385e+00
7.160195104500247654e-01,6.437419100554365725e-01
4.685057270949700703e-01,-5.981495578806652613e-01
2.209925053626422109e+00,-7.611816928375793045e-01
1.820558941228401117e+00,-9.481317110555587124e-01
7.432266819146827741e-01,-7.546566319699800074e-01
2.447220577681982423e+00,8.909305125234695533e-02
1.991318198042666854e+00,9.102381040459363026e-01
5.075628545980668260e-01,-7.202807852307123448e-02
1.386476554409941775e+00,1.040619463236873932e+00
2.574515737967262297e+00,3.525329210503715949e-01
2.104207773157589223e+00,-8.157595330998956840e-01
2.323272242673738663e+00,-3.363026165032800274e-01
1.081980171301470950e+00,8.683641317994192921e-01
6.588934470121480258e-01,4.819608730935814878e-01
2.080878307444194775e+00,-9.061355024605942665e-01
2.605480531334391614e+00,3.093630274781233314e-01
7.291973096051226344e-01,-7.560877555945592077e-01
2.379866062199554211e+00,7.297888910905349080e-01
1.285423392432054834e+00,9.812121189459784842e-01
2.082123631351401549e+00,-9.368454561571920580e-01
2.333202439844933362e+00,4.189470352523972929e-01
2.598703235296558223e+00,8.009510528027596887e-02
7.805015911620398761e-01,4.061252510253541281e-01
3.287985862921257718e-01,2.140317157947003446e-01
2.009815416926473919e+00,-6.821822056650659327e-01
1.336909263784057167e+00,-1.125920631511382553e+00
1.073585076349735878e+00,-8.638142219154008039e-01
2.005195158365673080e+00,7.769977731981855262e-01
2.290620159907835518e+00,-1.919019823206395692e-01
6.537732352620189147e-01,5.542775708286965530e-01
8.191008807722215401e-01,-5.041928105735042909e-01
8.112559298041135403e-01,7.274738773272508841e-01
2.548411992989170205e+00,3.521598957027996524e-01
5.691051633079149408e-01,2.328514454056990202e-01
2.061830934854523623e+00,8.496023600134945397e-01
2.455696438067125786e+00,2.344698533942051466e-01
8.264912108209825359e-01,-6.150089402914775683e-01
8.963055550945824290e-01,-8.568303694916529212e-01
2.313047864290145306e+00,5.090559980728778244e-01
4.740597365259284768e-01,-3.473207934701581512e-01
9.903972937740977978e-01,9.395682014608429666e-01
8.473436333863446634e-01,6.903144358307150563e-01
1.690014534903648835e+00,-8.426627184463739706e-01
5.665796875283317657e-01,1.665710560237826376e-01
2.165364859549398169e+00,-5.934188393555828167e-01
7.461366940006184389e-01,-5.497855743303760034e-01
7.182292994475881764e-01,1.926887673146314428e-01
8.272199618401171461e-01,-7.476034040908451361e-01
8.846000209089391886e-01,8.375082410730378957e-01
2.102188291043385338e+00,6.509719864897495212e-01
1.189968689388943401e+00,-8.734570758647985933e-01
8.869931577316214621e-01,-8.799218610827617137e-01
1.777178678897247899e+00,-9.826367619885096882e-01
2.218796961991873040e+00,8.097835621836154685e-01
2.307958847923808232e+00,-6.180263707533000250e-01
1.871691690950836762e+00,-1.032909563481152704e+00
2.348300595380042655e+00,-5.460606260808174017e-01
2.253975101988064278e+00,-7.515815889556819451e-01
1.038676155528281519e+00,-9.952160933308492607e-01
1.930272800011804790e+00,-1.010424515159597636e+00
6.418254163021404057e-01,-1.241641416428589384e-01
1.564121412333300709e+00,-8.940366206004340954e-01
1.960899391006882597e+00,9.926264915812389455e-01
1.733937719476152495e+00,-1.075617825613225165e+00
5.068186836185446520e-01,3.509610839337305999e-01
1.713608334045747084e+00,-7.818770777312089582e-01
5.541624148678622186e-01,2.291158079920027624e-01
1.710492967653469920e+00,-8.418556292416504716e-01
2.336673838978628126e+00,4.407771621955414720e-01
2.639294389943626751e+00,3.357927110358978062e-01
2.530363935378315166e+00,-6.043374524656908164e-01
5.315083820510684287e-01,3.330791590847665545e-02
2.197724781257530235e+00,-4.619918573672219808e-01
2.527620733009631859e+00,-2.155678266413976196e-01
9.518299892818439245e-01,-8.663102813664221857e-01
6.371183651178967677e-01,-3.795009027248699152e-01
1.657539919172958953e+00,9.687104317424575228e-01
2.355563716883948278e+00,6.760986438720463232e-01
2.022903240583129758e+00,-1.021978559855101221e+00
2.354054854222401794e+00,-7.983177643203336338e-01
1.536467296010261885e+00,-9.298876146972780976e-01
1.251206471281739896e+00,-9.669804627173851364e-01
6.740808762171851543e-01,4.547152602812660205e-01
1.038064798477322803e+00,8.877421113154080334e-01
2.331899079470045155e+00,6.879060662610374521e-01
5.949823160897272922e-01,6.438844784419187617e-01
7.100990223281576919e-01,-1.895190297281140190e-01
2.469835591954036680e+00,-5.411196191153602175e-01
2.335870780516839496e+00,-4.273848157710973261e-01
5.958293678762240919e-01,4.624835360921793481e-01
2.353118385866554974e+00,6.266927087249278827e-01
1.792462002210927663e+00,-1.133118736675152949e+00
1.343498308050913304e+00,-8.839526260555397030e-01
2.500765769033284069e+00,3.381707721114828313e-01
5.507055977310515438e-01,4.735301379816873046e-01
9.417519472146318460e-01,-7.238390721686251972e-01
2.445499218794770169e+00,2.967297897563994646e-01
2.177018827937203582e+00,-4.606774713084302864e-01
2.527201012141321090e+00,-2.506209536386472259e-04
1.283083646947381418e+00,-1.060626555128142634e+00
2.240752838852461792e+00,3.292131664743038755e-01
2.500172803329008708e+00,5.560391181721353604e-01
7.617428943596925572e-01,7.071087470739824132e-01
